hotel_name,city,address,google_hotel_rating,google_review_count
Antoinette Hotel Wimbledon,London,"249-263 The Broadway, London",4.1,535.0
The Wimbledon Hotel,London,"78 Worple Road, London",2.8,102.0
Hotel du Vin Wimbledon,London,"Cannizaro House, West Side Common, London",4.0,927.0
The Fox & Grapes Wimbledon,London,"9 Camp Road, London",4.2,693.0
Dog & Fox (Hotel),London,"24 High Street Wimbledon, London",4.2,1630.0
Premier Inn London Wimbledon South hotel,London,"27 Chapter Way, London",4.0,1337.0
"Holiday Inn Express London - Wimbledon South, an IHG Hotel",London,"200 High Street Colliers Wood, London",3.9,953.0
Rose & Crown (Hotel),London,"55 High Street Wimbledon, London",4.3,1064.0
Justin James Hotel,London,"43 Worple Road, London",4.0,88.0
Cosy Retreat - The Green Morden,London,"73 The Green, Morden",5.0,2.0
WIMBLEDON BED AND BREAKFAST,London,"131 Queen's Road, London",4.8,56.0
Worcester House Hotel,London,"38 Alwyne Road, London",4.0,2.0
Blue Stone Hotels,London,"203 Blackshaw Road, London",4.5,4.0
Travelodge London Wimbledon Morden,London,"A24 Epsom Road, Morden",3.7,546.0
Gravesend Apartments,London,"The Apartment Service, Francis Grove, London",3.7,12.0
The Apartment Service,London,"5-6 Francis Grove, London",4.9,9.0
Roomspace Serviced Apartments - Cascades Court,London,"Hartfield Crescent, SW19 3RL",3.6,8.0
A Place in Rome,London,"25 Bronson Road, West Wimbledon, London",5.0,3.0
Travelodge London Raynes Park,London,"Durham House, Amity Grove, London",3.9,590.0
38 Chapman Square Apartment - Wimbledon,London,"68 Chapman Square, London",5.0,4.0
Wimbledon Homes Bed & Breakfast,London,"21 Farquhar Road, London",3.0,1.0
East Stuff Ltd,London,"Wimbledon Stadium Business Centre, Studio 1, Stadium Studios, Unit 32 Riverside Road, London",4.3,6.0
Pelican London Hotel & Residence,London,"203 Blackshaw Road, London",3.9,693.0
Marple Cottage Guest House,London,"113 Woodside, London",4.7,74.0
Compton Guest House,London,"65 Compton Road, London",3.8,10.0
Goodenough Guesthouse Hotel,London,"4 Goodenough Road, London",4.7,27.0
Ridgmount Apartments,London,"De Veer House, 7-9 Darlaston Road, London",5.0,3.0
Queens Lodge,London,"34 Ethelbert Road, London",4.0,13.0
Travelodge London Wimbledon Central,London,"27 Hartfield Road, London",4.3,303.0
Wimbledon Holiday Lets,London,"69 Woodside, London",4.3,29.0
Collingham House,London,"Wibbas Down Inn, 12 Gladstone Road, London",5.0,1.0
Premier Inn London Wimbledon (Broadway) hotel,London,"153 163 The Broadway, London",4.4,669.0
On Site Stays Serviced Accommodation & Apartments Wimbledon,London,"92 Alexandra Road, London",5.0,1.0
"3 Cedar Park Gardens, Wimbledon, London",London,"3 Cedar Park Gardens, London",5.0,1.0
TDM Bachelot Lettings Ltd,London,"10 Hamilton Road, London",1.0,4.0
Wimbledon Accommodation Ltd.,London,"23 The Crescent, London",5.0,2.0
Simila Cyprus Holiday Rentals,London,"60 Windsor Avenue, London",5.0,9.0
Thirsk Tooting Concept Studios by Allô Housing,London,"40 Thirsk Road, London",2.7,13.0
The Long Room Bar & Hotel,London,"130 Mitcham Road, London",4.0,427.0
Flexistay Aparthotel Tooting,London,"268 Franciscan Road, London",3.6,120.0
914 Rooms,London,"66 Valnay Street, London",1.6,43.0
SW17 Rooms,London,"914 Garratt Lane, London",2.2,42.0
Hotel Bell Tent,London,"Unit 10, College Field Business, Prince Georges Road, London",4.4,37.0
Horton Halls St George's University of London,London,"1 Saint George's Grove, London",4.1,109.0
Berendsen Uk Ltd,London,"9 Deer Park Road, London",1.0,3.0
Furzedown Brasserie,London,"118 Mitcham Lane, London",3.8,375.0
Parklands B&B,London,"10 Parklands Road, London",4.8,42.0
Western Lodge,London,"85 Trinity Road, London",5.0,4.0
Brookview Guest House,London,"24 Brookview Road, London",4.9,33.0
Homebells Guest House,London,"28 Fowler Road, Mitcham",3.3,3.0
JB Stays Serviced Accommodation & Apartments London,London,"10 Farewell Place, Mitcham",5.0,5.0
London London Stansted Apt United Kingdom,London,"203 Blackshaw Road, London",5.0,1.0
Balham Lodge,London,"204 Bedford Hill, London",4.3,176.0
Travelodge London Balham,London,"177 Balham High Road, London",3.8,611.0
Marble Apartments Ltd,London,"1 Empire Mews, London",2.5,8.0
The Coach House,London,"2 Tunley Road, London",4.8,8.0
Pinfold House,London,"4 Pinfold Road, London",5.0,1.0
Conquest Hotel,London,"30 Conyers Road, London",2.9,19.0
Tooting Place Apartments,London,"34 Park Avenue, Mitcham",3.7,7.0
Ekaya Housing Association Ltd,London,"40-42 Ansell Road, London",4.0,2.0
DLG,London,"Arnold Road, London",4.7,3.0
Metropolitan Retreat,London,"22a Renmuir Street, London",5.0,1.0
Pathway Lodge,London,Mitcham,5.0,2.0
Wandsworth Suites London,London,"219A Streatham Road, Mitcham",1.0,2.0
Jubilee Guest House,London,"219A Streatham Road, Mitcham",4.0,7.0
294 Franciscan Road Rooms&Studios by EveryWhere to Sleep London,London,"294 Franciscan Road, London",3.5,8.0
Wimbledon South Rooms by The Perfect Host,London,"272 Franciscan Road, London",3.2,61.0
OYO Home Wandsworth Studios,London,"62 Mitcham Road, Greater, London",3.3,3.0
Elm Lodge,London,"Elm Lodge, 7 Grove Road, Mitcham",5.0,3.0
Marble Apartments Tooting Broadway,London,"19 Coverton Road, London",3.2,11.0
Leigham Court Hotel,London,"18 Leigham Court Road, London",4.2,443.0
Flexistay Norbury Apart Hotel,London,"49 Norbury Crescent, London",3.7,111.0
The Bedford,London,"77 Bedford Hill, London",4.2,1657.0
SW16 Rooms,London,"29 Norbury Crescent, London",2.2,65.0
The Garden Bed & Breakfast,London,"Killieser Avenue, London",4.2,6.0
Stanthorpe Hotel,London,"26 Stanthorpe Road, London",2.9,26.0
Windsor House,London,"Windsor House, 1270 London Road, London",4.0,32.0
Chez Aliz International Uk Ltd,London,"11 Garrad's Road, London",3.0,1.0
Gleneagle Guest House,London,"11 Gleneagle Road, London",3.7,3.0
Streatham Common B&B,London,"12-14 Donnybrook Road, London",4.9,53.0
Schlid,London,"Neptune Court, 1 Meopham Road, London, Mitcham",4.5,2.0
MK Guest House,London,"Stockport Road, London",5.0,1.0
Fargo's flats hote,London,"28 Lewin Road, London",5.0,1.0
Coral House,London,"6 Beckway Road, London",5.0,1.0
Guest House London - Norbury,London,"1530 London Road, London",3.8,38.0
Crystal Lodge Hotel,London,"49 Brigstock Road, Thornton Heath",2.9,194.0
Clock House Hotel,London,"47 Brigstock Road, Thornton Heath",2.7,127.0
Hostel29,London,"Norbury Crescent, London",1.0,1.0
Norbury Guest Apartment,London,"16 Saint Helen's Road, Norbury, London",5.0,1.0
Ezy Property Solution Short Lets & Serviced Accommodation Norbury,London,"236 Northborough Road, Norbury, London",5.0,9.0
Dayrooms,London,"flat 1, 165 Norbury Crescent, London",5.0,1.0
Hotel IK London B&B,London,"66 Becmead Avenue, London",1.5,4.0
Gast gezin,London,"47 Glamorgan Close, Mitcham",5.0,2.0
RUSCOE HOUSE,London,"Sardeson House, Knights Hill, London",5.0,1.0
Best Western London Queens Hotel Crystal Palace,London,"122 Church Road, London",3.2,2115.0
Westow House Pub & Hotel,London,"79 Westow Hill, London",4.2,1791.0
Fitze Millenium Foyer,London,"6 Sylvan Hill, London",4.7,6.0
The Lilac Door,London,"140 Rosendale Road, London",4.8,47.0
Church Road Hostel,London,"201 Church Road, London",2.8,6.0
Gilroy Court,London,"593 London Road, Thornton Heath",2.7,39.0
Oasis Community Housing Foyer Croydon,London,"162 Gillett Road, Thornton Heath",4.1,7.0
Stonebridge Lodge,London,"290 Brigstock Road, Thornton Heath",3.3,31.0
Girls Domain,London,"London, Thornton Heath",3.0,2.0
N T Nails,London,"33 Knights Hill, London",3.9,31.0
gare de pancras,London,"56A Knights Hill, Norwood, London",1.0,1.0
Gatestone Court,London,"15 Gatestone Road, London",4.0,2.0
London Holiday Stop Over,London,"102 Richmond Road, Thornton Heath",5.0,1.0
Hotel Residencia Santa Clara,London,"25-27 Westow Street, London",5.0,2.0
Woodland Yard,London,"1A Woodland Road, London",4.0,1.0
Cosy House - Thornton Heath,London,"945 London Road, Thornton Heath",3.0,6.0
Travelodge London Crystal Palace,London,"Yeoman House, 61 - 63 Croydon Road, London",3.6,686.0
South London Scout Centre,London,"Grange Lane, London",4.3,163.0
Crystal Palace B&B,London,"1 Patterson Road, London",4.8,12.0
Watson's residents,London,"10 Dunkeld Road, London",5.0,1.0
Gilpin House,London,"Grange Road, Thornton Heath",4.8,4.0
Hush Haven Homes| Luxury Short - Stay and Serviced Accommodation,London,"101 Maple Road, London",5.0,2.0
Bletchingley Close Residences,London,"Bletchingley Close, London, Thornton Heath",5.0,1.0
Centre Point,London,"152 Kirkdale, London",4.0,3.0
City Access,London,"19 Sandringham Road, Thornton Heath",4.0,2.0
Melrose House Bed & Breakfast,London,"89 Lennard Road, London",4.5,146.0
Crony Chauffeur Services,London,"218 Portland Road, London",4.8,12.0
Heathrow Gatwick Cars,London,"218 Portland Road, London",4.7,88.0
All Inn One Pub,London,"53 Perry Vale, London",4.4,246.0
Elm View Court,London,"146 Elmers End Road, Beckenham",3.0,2.0
Miriam Lodge Hotel,London,"Miriam Lodge, 185 Dartmouth Road, London",3.5,48.0
Forest Lodge,London,"Forest Lodge, Dartmouth Road, London",5.0,1.0
London Bridge Stay,London,"106 Portland Road, London",4.0,1.0
Merrydown,London,"29 Dacres Road, London",4.4,5.0
Probation Hostel,London,"4 Beckenham Road, Beckenham",3.5,2.0
Casa de ale y kevin,London,"2-4, London Road, London",4.0,1.0
Birchanger Apartment,London,"Flat 2, 97 Birchanger Road, London",4.0,1.0
Woodside Lodge,London,"122 Birchanger Road, London",3.7,3.0
Joseph samuels apartments,London,"160 Croydon Road, Beckenham",4.3,7.0
TLK Apartments & Hotel - Beckenham,London,"80 High Street, Beckenham",2.9,204.0
80 High Street,London,"80 High Street, Beckenham",2.3,9.0
Beckenham Park Hotel,London,"10 Copers Cope Road, Beckenham",4.3,71.0
TLK Apartments & Hotel - Beckenham Junction,London,"30 High Street, Beckenham",3.3,4.0
Travelodge London Beckenham,London,"Kelsey House, 75 High Street, Beckenham",1.5,10.0
Casa de Alberto,London,"8 Levendale Road, London",2.3,9.0
Shirley-Oaks,London,"7 Ambleside Avenue, Beckenham",2.0,1.0
Dez - Rez Hotel,London,"131 Catford Hill, London",4.5,2.0
The Bromley Court Hotel,London,"Bromley Hill, Bromley",4.3,1956.0
Park Langley,London,"3 Whitecroft Way, Beckenham",5.0,4.0
NumberFortySeven B&B,London,"47 Stone Park Avenue, Beckenham",3.3,3.0
London Self Catering Apartments,London,"30 The Croft, Bromley Road, London",4.3,43.0
Harefield Holiday Apartments,London,"29 Canadian Avenue, London",4.7,3.0
Albemarle Apartment,London,"80C Albemarle Road, Beckenham",4.0,2.0
In2London,London,"23 Harlie Court Road, London SE6 2QS, UK, London",5.0,1.0
The Lord's Cottage,London,"3 Riverview Park, London",5.0,1.0
Dreamy Home London,London,"111 Winlaton Road, Bromley",5.0,2.0
Jubilee House,London,"58 Canadian Avenue, London",4.5,2.0
Fairway Lodge,London,"400-408 Stanstead Road, London",3.3,8.0
London Self Catering Apartments,London,"27 Canadian Avenue, London",3.0,2.0
The Lodge Hotel,London,"52-54 Upper Richmond Road, London",4.4,597.0
SouthfieldsB&BStudios,London,"22 Sutherland Grove, London",3.0,3.0
Essington Guesthouse Apartment,London,"Flat 10, Essington House, Lytton Grove, London",2.5,6.0
Sandra & Andrew's B&B,London,"89 Wimbledon Park Road, London",4.8,5.0
LondonHomeGardens,London,"66 Hazlewell Road, London",1.0,1.0
The White Door Bed and Breakfast,London,"34 Pulborough Road, London",4.6,7.0
Premier Inn London Wandsworth hotel,London,"45 Garratt Lane, London",4.2,899.0
Wimbledon Park Bed & Breakfast,London,"21 Gartmoor Gardens, London",5.0,9.0
"Osborne House, SW19",London,"414 Wimbledon Park Road, London",5.0,2.0
Holm Wimbledon Park,London,"44 Augustus Road, London",4.1,37.0
Woodman Hotel,London,"222 Durnsford Road, London",4.8,21.0
NDS,London,"5B Summerley Street, London",4.0,1.0
Phoenix Luxury Stays - Putney,London,"74 Putney Hill, London",5.0,4.0
Wandsworth B & B,London,"34 Westover Road, London",4.2,5.0
VIP SKI,London,"57 Putney Bridge Road, London",4.5,32.0
Althorp Lodge,London,"7 Althorp Road, London",5.0,7.0
Doreen's Holiday Lets,London,"9 Wimbledon Road, London",3.8,4.0
Diprose Lodge,London,"2 Wimbledon Road, London",5.0,3.0
Clapham South B&B,London,"41 Broxash Road, London",5.0,1.0
White Hill House 5,London,"Balham Hill, London",5.0,2.0
Clapham South 1,London,"Apartment 36, 4 Balham Hill, London",4.5,6.0
Madison Hill,London,"Unit 6a, Hillgate Place, London",4.8,36.0
Clapham South Dudley Hotel,London,"79-81 Clapham Common South Side, London",3.1,952.0
Thrive Apartments,London,"73 Battersea Rise, London",4.2,13.0
Tooting Bec Rooms at Fishponds by DC London Rooms,London,"53 Fishponds Road, London",5.0,1.0
New Servol,London,"9 Trinity Road, London",4.0,1.0
Gap House,London,"Lynwood Road, London",5.0,3.0
London Deluxe Apartments,London,"Flat 1, 303-307 Balham High Road, London",3.0,2.0
Premier Inn London Tooting hotel,London,"1 Hebdon Road, London",4.3,272.0
Flexistay Tooting Studios,London,"69 Hillbrook Road, London",2.5,2.0
The Bunkbed @ Pravs,London,"119 Lessingham Avenue, London",5.0,4.0
St Peters Close,London,"22 Saint Peter's Close, London",4.8,5.0
Cherwell House,London,"82, 88 Elmfield Road, London",1.0,1.0
Holmewood Homestay,London,"Holmewood Gardens, London",4.4,16.0
Burlington Residence,London,"Burlington Residence, 146A Bedford Hill, London",4.9,13.0
Byrne Garden 1,London,"Byrne Road, London",5.0,1.0
Balham Double Deluxe Room 3,London,"114 Fernlea Road, London",1.0,3.0
Balham Double Deluxe Room 4,London,"114 Fernlea Road, London",1.0,1.0
Balham Double Deluxe Room 2,London,"114 Fernlea Road, London",1.0,1.0
Best Priced Living London B5,London,"Apt B5, 114 Fernlea Road, London",1.2,6.0
Crib Surfer,London,"114 Fernlea Road, London",1.0,7.0
Fernlea Garden Apartment,London,"46 Fernlea Road, London",1.0,2.0
Thornton Lounge Sleeps 4 - City Centre,London,"76 Thornton Road, London",1.0,1.0
"The Half Moon, Herne Hill",London,"10 Half Moon Lane, London",4.3,1506.0
Gaumont Place,London,London,4.6,20.0
Wavertree House,London,"149 Wavertree Road, London",3.0,2.0
Claremont East Estate,London,London,3.8,5.0
Thorn - Romance Deluxe Room,London,"76 Thornton Road, London",1.0,1.0
Thornton Edwardian House Balham,London,"76 Thornton Road, London",2.1,8.0
"Innkeeper's Collection Dulwich, London",London,"The Crown & Greyhound, 74 Dulwich Village, London",4.3,184.0
Premier Inn London Brixton hotel,London,"434 Coldharbour Lane, London",4.2,1082.0
Forest Court,London,"250 Rosendale Road, London",5.0,6.0
Kintyre Court,London,"41 New Park Road, London",3.8,31.0
Tilson House,London,"Tilson Gardens, London",4.4,18.0
B&B @Dove,London,"6 Dovedale Road, London",5.0,1.0
Southside Partnership,London,"1 Marmora Road, London",5.0,1.0
East Dulwich B&B,London,"3 Pellatt Road, London",4.0,12.0
Hytyme,London,"261 Barry Road, London",4.1,28.0
Holiday Flat - Dulwich Park,London,"Melford Court, 19 Melford Road, London",4.5,4.0
Delta Accommodation Providers of Premier & Unique Serviced Apartments,London,"73 East Dulwich Grove, London",5.0,1.0
Harringsworth House,London,"133 Honor Oak Park, London",5.0,5.0
Oaklands Refugee Services,London,"194 Honor Oak Park, London",4.8,4.0
Honor Lea,London,"117, 103-117 Brockley Rise, London",3.4,11.0
StayZo Serviced Accommodation - Crofton Park,London,"Bexhill Road, London",4.9,9.0
Changing Life Care Home,London,"54 Bexhill Road, London",5.0,1.0
Bomba hotel,London,"53B Hichisson Road, London",5.0,2.0
London Group Accommodation,London,"Ravensbourne House, 28 Bromley Road, London",4.1,22.0
Stylish 4 Bedroom House With a Garden,London,"19 Muirkirk Road, London",5.0,1.0
Fig Tree House B&B,London,"32 Duncrievie Road, London",4.8,14.0
Premier Inn London Putney Bridge hotel,London,"Premier Inn, 3 Putney Bridge, Putney Bridge Approach, London",4.0,1527.0
Holiday Inn Express London - Wandsworth by IHG,London,"Riverside West, Smugglers Way, London",4.2,1375.0
Barnes Bed and Breakfast,London,"106 Elm Grove Road, London",4.6,67.0
mk | hotel,London,"317 Putney Bridge Road, London",4.1,393.0
Travelodge London Battersea,London,"200 York Road, London",3.2,1246.0
Fulham BnB,London,"h, 26 Querrin Street, London",3.9,7.0
A Place Like Home,London,"Suite 33, Parsons Green, 27 Parsons Green Lane, London",4.5,15.0
Fulham B&B,London,"11 Ewald Road, London",5.0,14.0
"One Fanthorpe Street, Bed and Breakfast Putney",London,"1 Fanthorpe Street, London",4.8,9.0
Couranan Estate,London,"57 Napier Avenue, London",4.0,1.0
UnderTheDoormat,London,"210 New Kings Road, London",3.5,57.0
Cirrus Inns,London,"137 Stephendale Road, London",2.6,8.0
Plantation Wharf,London,"York Place, London",4.3,227.0
Regent on the River,London,"Sailmakers Court, 57 William Morris Way, London",4.4,14.0
Native Fulham,London,"949, 957 Fulham Road, London",3.3,26.0
Hurlingham Bed & Breakfast,London,"6 Grimston Road, London",4.9,42.0
Putney Hotel,London,"214 Upper Richmond Road, London",3.8,61.0
Dolphin House,London,London,4.0,1.0
Parkview Court,London,"Parkview Court, 15 Broomhill Road, London",5.0,1.0
Designed-Stays,London,"11, Albon House, London",5.0,4.0
John Clynes Court,London,London,5.0,2.0
Chapelier House Apartments,London,London,4.6,8.0
You Accommodation (Homestays London),London,"Hurlingham Studios, Ranelagh Gardens, London",5.0,1.0
The Chelsea Harbour Hotel & Spa,London,"Chelsea Harbour Drive, London",4.1,2042.0
Hotel Rafayel,London,"34 Lombard Road, London",4.1,1304.0
DoubleTree by Hilton London - Chelsea,London,"Imperial Wharf, Imperial Road, London",4.2,1615.0
claphamrooms,London,"31b Jansen Walk, London",3.5,4.0
The Lavender Guest House,London,"18 Lavender Sweep, London",4.8,171.0
41 St Johns Road,London,"Saint John's Road, London",5.0,3.0
Bed & Breakfast/ Georgiana's Guest House,London,"2 Cresford Road, London",4.9,123.0
Studio on the river Thames,London,"Oyster Wharf, 37, 18 Lombard Road, London",5.0,2.0
The Villes Bed & Breakfast,London,"39 Brookville Road, London",4.8,19.0
Osprey Heights,London,"Bramlands Close, London",4.5,30.0
Travelodge London Clapham Junction,London,"Woburn House, 155 Falcon Road, London",3.9,546.0
Queen Elizabeth Hostel & Pub,London,"58 Bagleys Lane, London",3.3,649.0
Springboard Urban,London,"643 Fulham Road, London",4.5,31.0
Zulu,London,"Zulu Mews, London",5.0,1.0
Ivy Lettings,London,"Worlds End Studios, 132-134 Lots Road, London",4.8,61.0
Barclay House London Boutique Bed & Breakfast,London,"21 Barclay Road, London",4.8,47.0
The Crown,London,"102 Lavender Hill, London",4.1,1017.0
Premier Inn London Clapham hotel,London,"638-640 Wandsworth Road, London",4.3,1080.0
Axiom Park Hotel,London,"140 Battersea Park Road, London",3.6,638.0
The Chelsea Lodge Apartment Rooms,London,"The Chelsea Lodge, 562 King's Road, London",3.7,14.0
Rutherford House,London,"483 Battersea Park Road, London",3.5,8.0
Clapham Guest House,London,"685 Wandsworth Road, London",3.6,60.0
Chelsea Guest House,London,"372 Wandsworth Road, London",4.0,568.0
Clapham House,London,"174 Robertson Street, London",1.0,1.0
Glebe House London,London,"6 Rectory Grove, London",4.8,5.0
Oliver's Travels,London,"26-32 Voltaire Road, London",4.5,1203.0
Wandsworth Terrace Apartments,London,"1 Bridport Terrace, London",4.3,28.0
Cantilever Court,London,"212 Wandsworth Road, London",4.7,3.0
Chelsea Bridge Apartments,London,"Parking, Parking lot, lot 124 Prince of Wales Drive, London",3.5,327.0
Clapham South Belvedere Hotel,London,"90 Clapham Common South Side, London",3.1,329.0
The Windmill (Hotel),London,"Windmill Drive, Clapham Common, London",4.2,1718.0
Chillderness Beach Houses,London,"7A Trouville Road, London",5.0,5.0
SW12 0LF,London,"14 Atkins Road, London",1.8,5.0
Basilica Mews,London,"Basilica Mews, Next to, 88 Thurleigh Road, London",5.0,2.0
Thames Reach,London,"54 Clarence Avenue, London",5.0,2.0
Ben Smith's Townhouse,London,"88 Clapham Park Road, London",2.3,3.0
Thales Apartment,London,"182 Brixton Road, London",4.0,5.0
Modern and Cosy Flat in Brixton,London,"171 Harbour Road, London",3.0,23.0
Redlynch House,London,"Red Lynch House, 2, Gosling Way, London",4.7,10.0
Horizons Accomodation,London,"Liberty Street, London",3.5,77.0
UK LONDRES,London,"139 Clapham Road, London",3.0,3.0
Trent Rd London,London,"17 Trent Road, London",5.0,1.0
"Homey, warm & welcoming room.",London,"12a Arodene Road, London",5.0,4.0
"Effra Court, Brixton, London, UK",London,"Brixton Hill, London",3.9,21.0
Ducy's Bed & Breakfast,London,"70 Tremadoc Road, London",5.0,5.0
Bros Inn Hotel,London,"51-53 Camberwell Church Street, London",3.3,274.0
Church Street Hotel by Belvilla near The Oval,London,"29-33 Camberwell Church Street, London",4.0,362.0
The Love Walk Apartments,London,"79 Denmark Hill, London",3.9,7.0
Soma Camberwell,London,"33 Peckham Road, London",3.5,8.0
St Georges Residences,London,"Saint Georges Residences, Railton Road, London",5.0,3.0
Littlewood House,London,"Brixton, Littlewood House, London",4.0,3.0
The Vole Hole,London,"73 Lowden Road, London",5.0,1.0
Nyala Hostel,London,"49 Barrington Road, London",4.3,3.0
Node Brixton | Co-living London,London,"Loughborough Court, Shakespeare Road, London",4.5,19.0
Pasha Hotel London Ltd,London,"158 Camberwell Road, London",2.8,491.0
Pedro Host Family,London,"36 Havil Street, London",4.6,23.0
Best Western London Peckham Hotel,London,"110 Peckham Road, London",3.7,2221.0
Helena's Bed and Breakfast South East London,London,"64 Moncrieff Street, London",4.5,22.0
Pajak,London,"Golden Jubilee, London",1.0,1.0
Solway Maisonettes,London,"Devonshire Terrace, East Dulwich Road, London",5.0,1.0
Printworks Apartments,London,"116 Coldharbour Lane, London",3.3,3.0
Delta Accommodation Providers of Premier & Unique Serviced Apartments,London,"Loughborough Road, London",4.5,4.0
28 Kitto Road B&B,London,"28 Kitto Road, London",4.0,5.0
Joe Richards' House,London,"100 Queen's Road, London",3.5,15.0
The Grove Apartments,London,"Tulsi House, 61 Carlton Grove, London",3.2,57.0
Pepys Road Bed & Breakfast,London,"113 Pepys Road, London",4.8,13.0
The Beeston’s Andrewes’ and Palyn’s Charity,London,"Consort Road, London",5.0,2.0
Book A Bed Hostel,London,"86 Tanner's Hill, London",3.4,452.0
"St James' Guest House, Brockley, London",London,"48 Breakspears Road, London",4.7,61.0
AXO New Cross,London,"403-407 New Cross Road, London",3.2,78.0
Peckham Rooms Hotel by Belvilla,London,"2 Queen's Road, London",3.7,320.0
Premier Inn London Greenwich hotel,London,"43-81 Greenwich High Road, London",4.2,1606.0
DoubleTree by Hilton London Greenwich,London,"Catherine Grove, London",4.4,1579.0
"Staycity Aparthotels, London, Deptford Bridge",London,"18-20 Deptford Bridge, London",4.6,1368.0
"Staycity Aparthotels, London, Greenwich High Road",London,"65 Greenwich High Road, London",4.7,2077.0
Greenwich Two Bedroom Apartments,London,"Bugle house, Larkwood Avenue, Lewisham Road, London",4.3,12.0
Travelodge London Greenwich,London,"Blackheath Road, London",3.5,749.0
The Birds Nest,London,"32 Deptford Church Street, London",4.3,834.0
Premier Inn London Lewisham hotel,London,"1, 13 Lewisham High Street, London",4.2,676.0
Boulton House,London,"United Kingdom, 72-78 Conington Road, London",2.7,3.0
Via Lewisham Hostel,London,"Pentland House, 30 Old Road, London",2.9,690.0
Lee Enterprises Group LTD,London,"Tressillian Road, London",5.0,1.0
Travelodge London Lewisham,London,"227 Lewisham High Street, London",3.7,250.0
One Stop to London Bridge (RED),London,"Malpas Road, London",2.8,4.0
ALTIDO @ Vita London,London,"Loampit Hill, London",1.0,2.0
Holiday Inn Express London - Earl's Court by IHG,London,"295 North End Road, London",4.1,1813.0
ibis London Earls Court,London,"47 Lillie Road, London",4.1,7400.0
Novotel London West,London,"Hammersmith, 1 Shortlands Hammersmith International Ctre, London",4.2,9065.0
City Continental Kensington London Hotel,London,"11-13 Penywern Road, London",2.9,503.0
Premier Inn London Hammersmith (Ravenscourt Park) hotel,London,"255 King Street, London",3.7,1237.0
Holiday Inn Express London - Hammersmith by IHG,London,"120-124 King Street, London",4.1,1809.0
Hotel Lily,London,"23-33 Lillie Road, London",2.3,1162.0
Garden View Hotel,London,"29-31 Nevern Square, London",3.5,703.0
Premier Inn London Kensington (Olympia) hotel,London,"22-32 West Cromwell Road, London",4.0,952.0
Chelsea House Hotel,London,"96 Redcliffe Gardens, London",3.8,442.0
Abercorn House London,London,"28-30 Bute Gardens, London",3.4,1178.0
St Christopher's Inn Hammersmith,London,"28 Hammersmith Broadway, London",3.6,705.0
The W14 Kensington Hotel,London,"16-22 Gunterstone Road, London",4.1,1173.0
Mornington Hotel London Kensington,London,"19-21 Penywern Road, London",3.7,698.0
Adria Hotel,London,"44-46 Glenthorne Road, London",4.2,352.0
Kensington Court Hotel,London,"33-35 Nevern Place, London",3.8,438.0
Twenty Nevern Square Hotel,London,"20 Nevern Square, London",4.2,370.0
My Place Hotel,London,"1-3 Trebovir Road, London",2.8,329.0
Hilton London Olympia,London,"380 Kensington High Street, London",3.7,3506.0
Coronation Hotel,London,"59 Nevern Square, London",3.2,253.0
Brook Green Hotel,London,"170 Shepherds Bush Road, London",4.3,716.0
Simply Rooms & Suites,London,"21 Avonmore Road, London",3.4,215.0
Templeton Garden,London,"1-15 Templeton Place, London",4.5,1370.0
Stamford Bridge Hotel London,London,"Stamford Bridge, Fulham Road, London",4.1,2341.0
Oliver Plaza,London,"33 Trebovir Road, London",4.3,338.0
Lord Kensington Hotel,London,"38 Trebovir Road, London",3.6,230.0
YHA London Earl's Court Hostel,London,"38 Bolton Gardens, London",4.3,838.0
Templeton Place by Supercity Aparthotels,London,"17 Templeton Place, London",4.4,86.0
Star Hotel,London,"97-99 Shepherds Bush Road, London",4.5,317.0
Saba Hotel & Rooms,London,"101-103-105, Shepherds Bush Road, London",3.4,544.0
Hotel Indigo London - Kensington by IHG,London,"34 - 44 Barkston Gardens, London",4.4,1082.0
Paramount Hotel,London,"50 Nevern Square, London",3.4,477.0
Saint James Backpackers,London,"21-23 Longridge Road, London",3.6,487.0
NOX Olympia,London,"9 Russell Road, London",3.7,249.0
"The Hand & Flower, Olympia",London,"1 Hammersmith Road, London",4.1,1521.0
London Town Hotel,London,"15 Penywern Road, London",4.0,233.0
Henley House Hotel,London,"30 Barkston Gardens, London",4.3,308.0
23 Matheson Road,London,"23 Matheson Road, London",3.1,190.0
St Paul's Hotel,London,"153 Hammersmith Road, London",4.4,578.0
Kempsford House Apartments,London,"45 Kempsford Gardens, London",3.9,44.0
Best Western Kensington Olympia Hotel,London,"25-27 Matheson Road, London",3.6,323.0
The West Kensington Perham Pearl,London,"52 Perham Road, London",4.3,3.0
W6 Rooms,London,"30 Studland Street, London",2.3,28.0
Temple Lodge Club,London,"51 Queen Caroline Street, London",4.8,68.0
Muse Haus,London,"5 Weltje Road, London",4.0,48.0
Premier Inn London Kensington (Earl's Court) hotel,London,"11 Knaresborough Place, London",4.1,1920.0
Ambassadors Hotel,London,"16 Collingham Road, London",3.0,1269.0
"Holiday Inn London - Kensington Forum, an IHG Hotel",London,"4 Courtfield Road, London",3.9,3398.0
The Kensington,London,"109-113 Queen's Gate, South Kensington, London",4.6,1065.0
The Bailey’s Hotel London,London,"140 Gloucester Road, London",4.4,2305.0
"Radisson Blu Hotel, London South Kensington",London,"68-86 Cromwell Road, London",4.0,1355.0
Blakes Hotel,London,"33 Roland Gardens, London",4.2,339.0
Dreamtel London Kensington,London,"32-36 Hogarth Road, London",3.2,435.0
Eden Plaza Kensington,London,"68-69 Queen's Gate, South Kensington, London",3.7,571.0
The Cranley Hotel,London,"10 Bina Gardens, London",2.2,758.0
Oakley Hotel,London,"73 Oakley Street, London",3.8,110.0
London Marriott Hotel Kensington,London,"147C Cromwell Road, London",4.2,1270.0
The Bentley Hotel London,London,"27-33 Harrington Gardens, London",4.1,577.0
Westbury Hotel Kensington,London,"22-24 Collingham Place, London",3.7,750.0
Park International Hotel,London,"117-129 Cromwell Road, London",4.0,1328.0
Number Sixteen,London,"16 Sumner Place, London",4.5,296.0
The Villa Kensington,London,"10 - 11 Ashburn Gardens, London",3.7,299.0
The Rockwell,London,"181-183 Cromwell Road, London",4.3,372.0
Collingham Serviced Apartments,London,"26 Collingham Gardens, London",4.3,153.0
The Resident Kensington,London,"25 Courtfield Gardens, London",4.6,587.0
Park Grand London Kensington,London,"33-37 Hogarth Road, London",4.1,1298.0
Meliá London Kensington member of Meliá Collection,London,"Rydges Kensington Plaza, 61 Gloucester Road, London",4.2,660.0
Kensington Rooms and Apartments,London,"Oak House, 37 Collingham Place, London",3.0,134.0
Montana Hotel,London,"67/69 Gloucester Road, London",4.2,1101.0
London Lodge Hotel,London,"134-136 Lexham Gardens, London",4.3,477.0
The Rembrandt Hotel,London,"11 Thurloe Place, London",4.4,2386.0
Brompton Hotel,London,"30 Old Brompton Road, London",3.1,310.0
"San Domenico House Hotel, Chelsea and Knightsbridge London",London,"29-31 Draycott Place, London",4.7,134.0
Gainsborough Hotel,London,"7-11 Queensberry Place, London",3.6,392.0
Sydney House Chelsea,London,"9-11 Sydney Street, London",4.3,109.0
54 Queen's Gate,London,"54 Queen's Gate, London",4.4,190.0
Millennium Hotel and Conference Centre Gloucester London,London,"4-18 Harrington Gardens, London",3.8,5731.0
The Chelsea Townhouse,London,"26 Cadogan Gardens, London",4.4,134.0
Pestana Chelsea Bridge Hotel & Spa,London,"354 Queenstown Road, London",4.3,1768.0
The Queen's Gate Hotel,London,"31-34 Queen's Gate, London",4.4,770.0
The 29 London,London,"29-31 Saint George's Drive, London",3.6,877.0
Premier Inn London Victoria hotel,London,"Off 55, 82 - 83 Eccleston Square, Gillingham Street, London",4.1,1453.0
Astors Belgravia,London,"106-112, Ebury Street, London",3.9,627.0
"The Clermont London, Victoria",London,"101 Buckingham Palace Road, London",4.2,2691.0
"The Windermere Hotel, London",London,"142-144 Warwick Way, London",4.5,336.0
"OYO Townhouse New England, London Victoria",London,"20 Saint George's Drive, London",3.4,472.0
Grapevine Hotel,London,"117 Warwick Way, London",2.0,440.0
Best Western Victoria Palace Hotel,London,"60-64 Warwick Way, London",3.8,680.0
Victoria Inn,London,"65-67 Belgrave Road, London",3.6,588.0
Dover Hotel,London,"42-44 Belgrave Road, London",3.8,551.0
Best Western Buckingham Palace Rd.,London,"8, 12 Saint George's Drive, London",3.9,647.0
11 Cadogan Gardens,London,"11 Cadogan Gardens, London",4.5,344.0
Enrico Hotel,London,"77-79 Warwick Way, London",3.1,502.0
Huttons Hotel,London,"53-57 Belgrave Road, London",3.5,1439.0
Georgian House Hotel,London,"35 - 39 Saint George's Drive, London",4.4,1224.0
Holiday Inn Express London - Victoria by IHG,London,"106-110 Belgrave Road, London",3.9,706.0
Stanley House Hotel,London,"19-21 Belgrave Road, London",3.2,677.0
DoubleTree by Hilton London - Victoria,London,"2 Bridge Place, London",4.0,2210.0
The Z Hotel Victoria,London,"5 Lower Belgrave Street, London",4.2,1568.0
Vegas Hotel,London,"104 Warwick Way, London",2.9,514.0
Best Western Corona Hotel,London,"85-89 Belgrave Road, London",3.7,664.0
OYO St George Hotel,London,"115 Saint George's Drive, London",3.2,551.0
Holly House Hotel London,London,"20 Hugh Street, London",2.9,556.0
Sidney Hotel London Victoria,London,"68-76 Belgrave Road, London",3.8,1329.0
"The Melita, London",London,"35 Charlwood Street, London",4.1,230.0
"The White Ferry, Victoria (PUBLOVE)",London,"1A Sutherland Street, London",3.9,1359.0
The Portico Hotel London,London,"30-32 Saint George's Drive, London",3.6,823.0
The Hari,London,"20 Chesham Place, London",4.5,1009.0
Sloane Square Hotel,London,"7-12 Sloane Square, London",4.3,438.0
The Apartments by CAPITAL,London,"41 Draycott Place, London",3.3,36.0
Holiday Inn Express,London,"87 South Lambeth Road, London",4.1,778.0
Park Plaza London Riverbank,London,"18 Albert Embankment, London",4.3,6110.0
The Maiden Oval Hotel,London,"9-13 Clapham Road, London",3.2,623.0
Chester Hotel,London,"27-29 Longmoore Street, London",2.8,532.0
The Belgrave,London,"80-86 Belgrave Road, London",4.5,930.0
Luna Simone Hotel,London,"47-49 Belgrave Road, London",4.5,533.0
Dolphin House - Serviced Apartments,London,"Dolphin Square, Chichester Street, London",4.1,691.0
Comfort Inn London - Westminster,London,"39 Belgrave Road, London",3.0,660.0
Eccleston Square Hotel,London,"37 Eccleston Square, London",4.3,636.0
Hotel 41,London,"41 Buckingham Palace Road, London",4.8,386.0
Belgravia Hotel,London,"104 Ebury Street, London",3.1,617.0
The Rubens at the Palace,London,"39 Buckingham Palace Road, London",4.5,2072.0
B+B Belgravia,London,"64-66 Ebury Street, London",4.1,347.0
Sheriff Hotel,London,"115 Warwick Way, London",2.8,603.0
The Wellington by Blue Orchid Hotels,London,"71 Vincent Square, London",4.2,1138.0
The Orange Pub & Boutique Hotel Belgravia,London,"37 Pimlico Road, London",4.2,1506.0
The St. George's Inn Victoria,London,"25 Belgrave Road, London",3.7,441.0
Mornington Hotel London Victoria,London,"25 Gloucester Street, London",3.6,334.0
Novotel London Waterloo,London,"113 Lambeth Road, London",4.4,2988.0
London Waterloo Hostel,London,"73 Lambeth Walk, London",3.0,663.0
Brit Hotels Elephant Castle,London,"35 Hampton Street, London",3.3,164.0
The Tommyfield,London,"185 Kennington Lane, London",4.3,1051.0
Eurotraveller Hotel Express (E & C) Southwark,London,"18 Amelia Street, London",3.6,267.0
Blades Hotel,London,"122 Belgrave Road, London",4.0,228.0
Kennington Bed & Breakfast,London,"103 Kennington Park Road, London",4.7,69.0
Belgravia Waterside Apartment,London,"9 Gatliff Road, London",1.0,1.0
Victoria Apartments,London,"89 Wilton Road, London",2.7,11.0
Safestay London Elephant & Castle,London,"144-152 Walworth Road, Elephant and Castle, London",3.7,2754.0
Waterloo Hub Hotel & Suites,London,"54 Kennington Road, London",3.8,1475.0
The Hour Glass Hotel & Pub,London,"131 Beaconsfield Road, London",3.8,447.0
Restup London,London,"Driscoll House, 172 New Kent Road, London",3.1,2246.0
The Steam Engine,London,"41- 42 Cosser Street, London",4.2,1392.0
Lambeth North by Q Apartments,London,"35 Saint George's Road, London",4.1,30.0
Eurotraveller Hotel Premier (near Tower Bridge),London,"194-202 Old Kent Road, London",3.6,246.0
Travelodge London Vauxhall,London,"3 Bondway, London",3.8,1578.0
River View Apartments,London,"Saint George Wharf, London",1.0,1.0
Double Room B&B Brixton,London,"Flat 3, Chisholm House, 33 Clapham Road, London",1.0,1.0
Captain Bligh House,London,"100 Lambeth Road, London",4.7,35.0
The Ship Rooms Hotel - London,London,"171 Kennington Road, London",4.3,65.0
Jamyang London Buddhist Centre,London,"The Old Courthouse, 43 Renfrew Road, London",4.8,56.0
69 The Grove,London,"69 Vauxhall Grove, London",4.7,178.0
Mornington Victor Hotel London Belgravia,London,"51 Belgrave Road, London",3.5,363.0
CARLTON HOTEL,London,"90 Belgrave Road, London",3.2,403.0
Castle Hotel,London,"86 Walworth Road, London",4.8,4.0
Corbigoe Hotel,London,"101 Belgrave Road, London",2.1,1080.0
Romanos Hotel London,London,"31 Charlwood Street, London",3.0,242.0
Accommodation London Bridge,London,"58 Great Dover Street, London",4.1,240.0
Rayman and Thomas ltd,London,"1, 3 Brixton Road, London",3.0,2.0
Second Nest Ltd,London,"14B Dolland Street, London",4.2,15.0
The Grange Pub,London,"103, 104 Grange Road, London",4.4,712.0
Still Life - Vauxhall,London,"St George Wharf Tower, London",4.0,22.0
"Staybridge Suites London - Vauxhall, an IHG Hotel",London,"100 Vauxhall Walk, London",4.6,794.0
Pasha Hotel Cafe (Breakfast),London,"158 Camberwell Road, London",4.3,92.0
Burgess Park House,London,"56 Camberwell Road, London",4.0,5.0
St Monica House,London,"83 Clapham Road, London",4.4,72.0
Ostello Scalabrini,London,"176 Clapham Road, London",2.3,3.0
Gorgeous Georgian Townhouse,London,"14 Camberwell Grove, London",5.0,1.0
Dancenter South London Near Denmark Hill,London,"Win, 33, Forza, Camberwell Church Street, London",1.0,4.0
London Stay Apartments,London,"187 Rotherhithe New Road, London",3.8,266.0
The Bermondsey Square Hotel,London,"9 Bermondsey Square, London",4.1,875.0
Travelodge London Peckham,London,"121 Peckham High Street, London",4.1,108.0
Mayward House,London,"Camberwell, London",5.0,1.0
Novotel London Greenwich,London,"173-185 Greenwich High Road, London",4.1,2151.0
Star City Nights,London,"219 Deptford High Street, London",2.0,2.0
Travelodge London Greenwich High Road,London,"Greenwich High Road, London",3.8,958.0
Billington Place,London,"4 Billington Road, London",5.0,2.0
Harry Lambourn House,London,"9 Gervase Street, London",3.4,7.0
Luxury Possessions,London,"59 Billington Road, London",5.0,3.0
Mushie House,London,"111 Brocklehurst Street, London",5.0,7.0
HENX Inn Hostel,London,"323 New Cross Road, London",2.0,50.0
NX LONDON HOSTEL,London,"323A New Cross Road, London",2.4,311.0
Reconstruct Art,London,"152-154 Ilderton Road, London",5.0,1.0
INNit Townhouse,London,"612A Old Kent Road, London",3.8,5.0
St Christopher's Inn Greenwich,London,"189 Greenwich High Road, London",3.7,787.0
ibis London Greenwich,London,"30 Stockwell Street, London",4.1,1207.0
The Ship,London,"290 Westferry Road, London",4.5,464.0
Innkeeper's Collection Greenwich,London,"The Mitre, Greenwich, 292 Greenwich High Road, London",4.4,385.0
Greenwich Tavern,London,"1 King William Walk, London",4.1,1885.0
Number 16 B&B,London,"16 Saint Alfege Passage, London",4.4,15.0
Quba Travel T/a Al Qadr Tours,London,"10-16 Tiller Road, London",4.8,106.0
Harmony Nest Parkview,London,"Exeter Way, London",1.5,2.0
هتل حیدری,London,"18-20 Deptford Bridge, London",5.0,1.0
London Hotel Group,London,United Kingdom,4.0,1.0
Celadon Apartments & Hotels,London,London,5.0,1.0
"J-Block, McMillan Student Village",London,"McMillan Student Village, 137 Creek Road, London",1.0,1.0
Chenla Building,London,"Chenla Building, Conington Road, London",4.8,6.0
Aspen House,London,"Copperwood Place, London",2.5,2.0
Poppyfield House,London,London,4.3,4.0
Royal Garden Hotel,London,"2, 24 Kensington High Street, London",4.4,2489.0
Copthorne Tara Hotel London Kensington,London,"Scarsdale Place, London",3.8,7780.0
ibis London Shepherds Bush - Hammersmith,London,"3-5 Rockley Road, London",4.2,1280.0
Hotel 65,London,"65 Shepherds Bush Road, London",3.3,1096.0
"Grantly Hotel, London Shepherd's Bush",London,"50-51 Shepherd's Bush Green, London",3.5,620.0
Chiswick Rooms,London,"407 Goldhawk Road, London",3.9,197.0
Hilton London Kensington,London,"179-199 Holland Park Avenue, London",3.8,4793.0
K West Hotel & Spa,London,"Kensington House, Richmond Way, London",4.1,1714.0
Portobello Hotel | A Curious Group of Hotels,London,"22 Stanley Gardens, London",4.4,160.0
St Christopher's Inn Shepherds Bush,London,"13-15 Shepherd's Bush Green, London",3.5,399.0
Comfotel Grn Hotel,London,"120 Shepherds Bush Road, London",2.9,326.0
Seraphine Kensington Olympia,London,"225 Kensington High Street, London",3.5,375.0
High Road House,London,"162-170 Chiswick High Road, London",4.3,435.0
Best Western Chiswick Palace,London,"71-73 Chiswick High Road, London",4.1,955.0
"OYO Abbey Hotel, London Shepherd's Bush Market",London,"23 Wood Lane, London",3.8,315.0
Central Park Hotel,London,"49-67 Queensborough Terrace, London",3.3,3825.0
DoubleTree by Hilton London - Hyde Park,London,"150 Bayswater Road, London",4.0,2004.0
Beit Hall (Imperial Summer Accommodation),London,"2 Prince Consort Road, London",4.0,317.0
Notting Hill Gate Hotel,London,"7 Clanricarde Gardens, London",3.5,634.0
The Royale Chulan,London,"23-25 Leinster Square, London",3.6,487.0
"Townhouse Apollo, Hyde Park",London,"64-66 Queensborough Terrace, London",2.2,1015.0
The Gore London - Starhotels Collezione,London,"190 Queen's Gate, London",4.4,672.0
"Mandarin Oriental Hyde Park, London",London,"66 Knightsbridge, London",4.7,2552.0
Royal Lancaster London,London,"Lancaster Terrace, London",4.6,3691.0
InterContinental London Park Lane by IHG,London,"One Hamilton Place, Park Lane, London",4.5,2748.0
London Hilton on Park Lane,London,"22 Park Lane, London",4.4,5917.0
The Athenaeum Hotel & Residences,London,"116 Piccadilly, London",4.4,1284.0
Millennium Hotel London Knightsbridge,London,"17 Sloane Street, London",4.3,2898.0
The Berkeley,London,"Wilton Place, London",4.6,1862.0
Troy Hotel,London,"68-70 Queensborough Terrace, London",3.8,486.0
Corus Hotel Hyde Park,London,"1 Lancaster Gate, London",3.6,3306.0
Thistle London Hyde Park Kensington Gardens,London,"104 Bayswater Road, London",4.0,1426.0
Hyde Park International,London,"52-56 Inverness Terrace, London",3.8,589.0
Jumeirah Carlton Tower,London,"1 Cadogan Place, London",4.5,1422.0
Bvlgari Hotel London,London,"171 Knightsbridge, London",4.7,1257.0
"St. Ermin's Hotel, Autograph Collection",London,"2 Caxton Street, London",4.6,2381.0
The Chesterfield Mayfair,London,"35 Charles Street, London",4.6,1213.0
"The May Fair, A Radisson Collection Hotel, Mayfair London",London,"Stratton Street, London",4.4,3242.0
Sheraton Grand London Park Lane,London,"Piccadilly, London",4.4,2255.0
The Cavendish London Hotel,London,"81 Jermyn Street, London",4.4,1229.0
London Marriott Hotel Grosvenor Square,London,"Grosvenor Square, London",4.3,1833.0
Claridge's,London,"Brook Street, London",4.7,3756.0
Hilton London Green Park,London,"Half Moon Street, London",3.6,444.0
DoubleTree by Hilton London - Marble Arch,London,"Marble Arch, 4 Bryanston Street, London",3.8,856.0
London Marriott Hotel County Hall,London,"County Hall, Westminster Bridge Road, London",4.4,1683.0
"The Royal Horseguards Hotel & One Whitehall Place, London",London,"2 Whitehall Court, London",4.4,2833.0
Premier Inn London County Hall hotel,London,"County Hall, Belvedere Road, London",4.3,3235.0
Corinthia London,London,"Whitehall Place, London",4.7,3484.0
"Radisson Blu Hotel, London Leicester Square",London,"31-36 Leicester Square, London",4.3,1145.0
"The Clermont London, Charing Cross",London,"Strand, London",4.5,3133.0
W London,London,"10 Wardour Street, London",4.2,1628.0
Premier Inn London Leicester Square hotel,London,"Queens House, 1 Leicester Square, London",4.1,1068.0
Premier Inn London Waterloo (Westminster Bridge) hotel,London,"85 York Road, London",4.1,2193.0
Courthouse Hotel,London,"19-21 Great Marlborough Street, London",3.6,1081.0
The Soho Hotel,London,"Soho Hotel, 4 Richmond Mews, London",4.6,1511.0
The Savoy,London,"Strand, London",4.7,10219.0
Althoff St. James's Hotel & Club - Mayfair London,London,"7-8 Park Place, London",4.3,478.0
H10 London Waterloo,London,"284-302 Waterloo Road, London",4.4,2298.0
"The Trafalgar St. James London, Curio Collection by Hilton",London,"2 Spring Gardens, Trafalgar Square, London",4.5,1324.0
Brown's Hotel,London,"33 Albemarle Street, London",4.6,1446.0
Sofitel London St James,London,"6 Waterloo Place, London",4.7,2384.0
"Radisson Blu Hotel, London Bond Street",London,"350 Oxford Street, London",3.9,1064.0
Strand Palace,London,"372 Strand, London",4.1,8123.0
The Connaught,London,"The Connaught, Carlos Place, London",4.7,2228.0
ibis London Blackfriars,London,"49 Blackfriars Road, London",4.2,3716.0
One Aldwych,London,"1 Aldwych, London",4.6,1442.0
"The Waldorf Hilton, London",London,"Aldwych, London",4.4,4137.0
The Borough,London,"200 Borough High Street, London",3.8,265.0
ME London,London,"Strand, London",4.4,1935.0
Holiday Inn Express London - Southwark by IHG,London,"103-109 Southwark Street, London",4.2,2087.0
Novotel London Blackfriars,London,"46 Blackfriars Road, London",4.4,2295.0
Covent Garden Hotel,London,"10 Monmouth Street, London",4.6,717.0
Mercure London Bridge,London,"71-79 Southwark Street, London",4.4,1945.0
ibis Styles London Southwark,London,"43-47 Southwark Bridge Road, London",4.4,2075.0
Park Plaza County Hall London,London,"1 Addington Street, London",4.3,3024.0
Citadines Trafalgar Square London,London,"18-21 Northumberland Avenue, London",4.2,1216.0
Premier Inn London Southwark (Bankside) hotel,London,"34 Bankside, Park Street, London",4.3,557.0
London Bridge Hotel,London,"8-18 London Bridge Street, London",4.4,1035.0
Premier Inn London Tower Bridge hotel,London,"159 Tower Bridge Road, London",4.1,2049.0
Hilton London Tower Bridge,London,"5 More London Place, Tooley Street, London",4.4,2802.0
Hyatt Regency London Blackfriars,London,"19 New Bridge Street, London",4.4,1403.0
St Christopher's Inn London Bridge,London,"161-165, 165 Borough High Street, London",3.8,2776.0
Premier Inn London Blackfriars (Fleet Street) hotel,London,"1-2 Dorset Rise, London",4.3,2678.0
Leonardo Royal London St Paul's,London,"10 Godliman Street, London",4.2,3760.0
Apex Temple Court Hotel,London,"1-2, Serjeant's Inn, London",4.6,1582.0
Club Quarters Hotel St. Paul’s,London,"24 Ludgate Hill, London",3.9,1850.0
"The Mad Hatter Hotel, Southwark",London,"3-7 Stamford Street, London",4.4,1564.0
citizenM London Southwark Bankside hotel,London,"20 Lavington Street, London",4.5,2181.0
"The Wellington Hotel, Waterloo",London,"81-83 Waterloo Road, London",4.0,2600.0
Novotel London Bridge,London,"53-61 Southwark Bridge Road, London",4.4,2930.0
The Tower Hotel,London,"Saint Katharine's Way, London",4.1,9972.0
Apex City of London Hotel,London,"1 Seething Lane, London",4.6,1841.0
DoubleTree by Hilton London - Tower of London,London,"7 Pepys Street, London",4.2,5655.0
Novotel London Tower Bridge,London,"10 Pepys Street, London",4.5,2673.0
Leonardo Royal Hotel London City,London,"8-14 Cooper's Row, London",4.2,3181.0
Club Quarters Hotel London City,London,"Club Quarters Hotel, 7 Gracechurch Street, London",3.9,1329.0
"The Chamberlain Hotel, Tower Bridge",London,"132-135 Minories, London",4.4,1388.0
Premier Inn London Southwark (Tate Modern) hotel,London,"15 Great Suffolk Street, London",4.3,1004.0
Hotel Indigo London - Tower Hill by IHG,London,"142 Minories, London",4.5,675.0
Leonardo Royal Hotel London Tower Bridge,London,"45 Prescot Street, London",4.2,4521.0
City London Hotel,London,"30 Borough Road, London",4.0,623.0
"Gate House Apartments, Tower Bridge",London,"169 Tower Bridge Road, London",3.9,104.0
Hampton by Hilton London Waterloo,London,"157 Waterloo Road, London",4.3,3139.0
Park Plaza London Westminster Bridge,London,"200 Westminster Bridge Road, London",4.4,10561.0
"Shangri-La The Shard, London",London,"31 Saint Thomas Street, London",4.6,2430.0
ibis London City - Shoreditch,London,"5 Commercial Street, London",4.3,5358.0
YHA London Thameside,London,"20 Salter Road, London",4.0,949.0
Premier Inn London City (Tower Hill) hotel,London,"22-24 Prescot Street, London",4.1,1468.0
Cambric by Aeria Apartments,London,"2 North Tenter Street, London",3.3,12.0
Travelodge London Bank,London,"19-23 Saint Swithin's Lane, London",3.5,786.0
Travelodge London Central Waterloo,London,"195-203 Waterloo Road, Baron's Place, London",4.0,2359.0
Urban Stay Lovat Lane Apartments,London,"10-13 Lovat Lane, London",4.2,13.0
Travelodge London Central Southwark,London,"202-206, Union Street, London",3.5,2264.0
Dockside Hotel,London,"55 Sutton Street, London",3.4,288.0
"Threadneedles, Autograph Collection",London,"5 Threadneedle Street, London",4.4,525.0
LCS Oxford Street Apartments,London,"23 Tabard Street, London",2.3,3.0
Lovet Homestay,London,"6 Lovat Lane, London",3.7,64.0
Britannia International Hotel,London,"International Hotel, 163 Marsh Wall, London",3.2,5640.0
Holiday Inn Express London - Limehouse by IHG,London,"469-475 The Highway, London",4.3,3311.0
Hilton London Canary Wharf,London,"South Quay Square, Marsh Wall, London",4.4,3156.0
Canary Riverside Plaza Hotel,London,"46 Westferry Circus, London",4.4,503.0
The Royal Foundation of St Katharine,London,"2 Butcher Row, London",4.4,145.0
"Holiday Inn London - Whitechapel, an IHG Hotel",London,"5 Cavell Street, London",4.3,1643.0
Tooley Street Apartments,London,"116 Tooley Street, London",5.0,1.0
Marlyn Lodge - City of London,London,"FLAT 206, 2 Portsoken Street, London",4.4,130.0
London Nice Rooms 4,London,"Flat 21, Everard House, Boyd Street, London",4.0,18.0
Cable Street Inn,London,"232 Cable Street, London",4.7,58.0
Travelodge London Central Tower Bridge,London,"Lloyds Court Business Centre, 1 Goodman's Yard, London",3.6,2228.0
"Marlin Apartments - Empire Square, London Bridge",London,"34 Long Lane, London",3.9,644.0
London Tower Bridge Apartments,London,"The Circle, Queen Elizabeth Street, London",4.3,66.0
Roof top Studio Apartment,London,"540 Commercial Road, London",5.0,2.0
Binnacle House,London,"7 Kingsley Mews, London",5.0,1.0
Citymax Studios,London,"317 Commercial Road, London",4.0,11.0
Hotel Motel One London Tower Hill,London,"24-26 Minories, London",4.5,2265.0
BridgeStreet at Pepys Street,London,"1 Pepys Street, London",4.2,5.0
Boutique Duplex Penthouse,London,"219-225 Commercial Road, London",1.0,1.0
ibis London Docklands Canary Wharf,London,"1, Off Baffin Way, Preston's Road, London",4.1,1385.0
OYO The King William Hotel,London,"155-157 Trafalgar Road, London",3.5,128.0
"Fraser Place Canary Wharf, London",London,"80 Boardwalk Place, London",4.2,724.0
London Marriott Hotel Canary Wharf,London,"22 Hertsmere Road, London",4.3,1784.0
Davies Court (Canary Wharf),London,"56 East India Dock Road, Davies Court, London",4.2,190.0
River View Canary Wharf Apartments,London,"Block D, 1 Fairmont Avenue, London",5.0,1.0
Apartment Wharf - Canada Water Apartments,London,"30 Surrey Quays Road, London",3.4,9.0
Novotel London Canary Wharf,London,"40 Marsh Wall, London",4.5,3950.0
DoubleTree by Hilton London - Docklands Riverside,London,"265A Rotherhithe Street, London",4.1,3855.0
"Point A London, Canary Wharf",London,"21 Hertsmere Road, London",4.3,1332.0
Absolute Pleasure Yacht,London,"Absolute Pleasure Yacht, North Dock footbridge, London",4.3,64.0
Marlin Apartments - Canary Wharf,London,"9 Byng Street, London",3.9,535.0
Via Limehouse Hostel,London,"Rose Court, De Paul House, Commercial Road, London",2.9,625.0
"The Harpy Houseboat, Tower Bridge",London,"River Thames, China Wharf, Mill Street, London",4.8,69.0
Marlin Apartments Limehouse,London,"577 Commercial Road, London",4.0,345.0
Docklands Lodge,London,"244 Poplar High Street, London",3.9,285.0
Britannia City Student Living,London,"Landale House, 101 Lower Road, London",5.0,1.0
Inspired London | Bywater Place,London,"49 Bywater Place, London",5.0,1.0
King & Queen Wharf Concierge Office,London,"189 Rotherhithe Street, London",4.5,86.0
Reem Hotel,London,"50-51 Prince's Square, London",3.8,475.0
The Premier Notting Hill,London,"5-7 Prince's Square, London",3.8,765.0
New Linden Hotel,London,"59 Leinster Square, London",3.3,600.0
London House Hotel,London,"81 Kensington Gardens Square, London",4.2,1513.0
Park Avenue Bayswater Inn Hyde Park,London,"8-16 Prince's Square, London",3.1,2179.0
Pembridge Palace Hotel,London,"55 Prince's Square, London",3.4,1619.0
Berjaya Eden Park London Hotel,London,"35-39 Inverness Terrace, London",3.4,1276.0
Kensington Court Hotel Notting Hill,London,"4 Prince's Square, London",3.5,102.0
Hilton London Hyde Park,London,"129 Bayswater Road, London",4.1,1386.0
Notting Hill Hotel,London,"2 Pembridge Square, London",3.4,240.0
Grand Royale Hyde Park,London,"1-9 Inverness Terrace, London",3.8,2152.0
The Byron Hotel,London,"36-38 Queensborough Terrace, London",3.8,532.0
Lancaster Gate Hotel,London,"66 Lancaster Gate, London",4.0,2282.0
The Abbey,London,"20 Pembridge Gardens, London",3.8,147.0
Hilton London Metropole,London,"225 Edgware Road, London",3.9,8880.0
Mercure London Paddington Hotel,London,"144 Praed Street, London",3.8,1735.0
"Shakespeare Hotel London, Paddington",London,"A G M Hotels Ltd, 22-28 Norfolk Square, London",3.4,1149.0
Hilton London Paddington,London,"146 Praed Street, London",4.0,4019.0
Novotel London Paddington,London,"3 Kingdom Street, Sheldon Square, London",4.2,2166.0
Brunel Hotel,London,"79-81 Gloucester Terrace, London",3.4,572.0
Ascot Hyde Park Hotel,London,"11 Craven Road, London",2.7,766.0
Prince William Hotel,London,"42-44 Gloucester Terrace, London",3.1,552.0
The Landmark London,London,"222 Marylebone Road, London",4.6,4222.0
No. Ten Manchester Street Hotel,London,"Number Ten Hotel, 10 Manchester Street, London",4.4,277.0
"The Langham, London",London,"1C Portland Place, London",4.6,3640.0
London Marriott Hotel Park Lane,London,"140 Park Lane, London",4.5,1414.0
Marble Arch Inn,London,"49-50 Upper Berkeley Street, London",3.5,392.0
The Mandeville Hotel,London,"Mandeville Place, London",4.2,1010.0
Durrants Hotel,London,"26-32 George Street, London",4.3,363.0
YHA London Central Hostel,London,"104 Bolsover Street, London",4.2,1586.0
Gem Fitzrovia Hotel,London,"20-28 Bolsover Street, London",4.1,1075.0
Holiday Inn London - Regent's Park by IHG,London,"Carburton Street, London",4.1,2696.0
Charlotte Street Hotel,London,"15-17 Charlotte Street, London",4.4,1275.0
St Giles London - A St Giles Hotel,London,"12 Bedford Avenue, London",3.6,6961.0
"Radisson Blu Hotel, London Euston Square",London,"130 Tottenham Court Road, London",4.0,2266.0
The Bloomsbury Hotel,London,"16-22 Great Russell Street, London",4.6,1700.0
NYX Hotel London Holborn,London,"50 - 60 Southampton Row, London",4.2,2335.0
Holiday Inn London - Bloomsbury by IHG,London,"Coram Street, London",4.1,3335.0
Ambassadors,London,"12 Upper Woburn Place, London",3.8,1167.0
Premier Inn London Euston hotel,London,"1 Duke's Road, London",3.9,2488.0
Generator London,London,"37 Tavistock Place, London",3.6,5219.0
The Wesley Euston,London,"81-103 Euston Street, London",3.8,1686.0
St. Pancras Renaissance Hotel London,London,"Euston Road, London",4.4,4560.0
"Andaz London Liverpool Street, by Hyatt",London,"40 Liverpool Street, London",4.5,1920.0
Premier Inn London City (Old Street) hotel,London,"Corsham Street, London",4.1,2181.0
"The Hoxton, Shoreditch",London,"81 Great Eastern Street, London",4.4,3120.0
"Holiday Inn Express London - City, an IHG Hotel",London,"275 Old Street, London",3.9,1662.0
South Place Hotel | Luxury Stay in the Heart of London,London,"3 South Place, London",4.4,1038.0
The Corner | London City,London,"42 Adler Street, London",4.4,3716.0
Rosewood London,London,"252 High Holborn, London",4.7,3056.0
Hotel Strand Continental,London,"143 Strand, London",3.2,597.0
Malmaison London,London,"18-21 Charterhouse Square, London",4.2,985.0
Montcalm Brewery,London,"52 Chiswell Street, London",3.9,1395.0
"Point A London, Liverpool Street",London,"13-15 Folgate Street, London",3.9,2190.0
The Rookery,London,"12 Peter's Lane, Cowcross Street, London",4.7,286.0
City View Hotel,London,"287 Cambridge Heath Road, London",2.6,381.0
Thistle City Barbican Hotel,London,"120 Central Street, London",3.7,2712.0
The Dictionary Hostel,London,"10-20 Kingsland Road, London",3.5,693.0
Town Hall Hotel & Apartments,London,"Town Hall Hotel, 8 Patriot Square, London",4.4,881.0
Plaza London Hotel,London,"115A, 117A Roman Road, London",2.8,305.0
City View Hotel Roman Road,London,"113 Roman Road, Globe Town, London",2.3,238.0
Shoreditch Inn,London,"1 Austin Street, London",4.0,290.0
Travelodge London Central City Road,London,"1-23 City Road, London",3.8,4295.0
"The Counting House, EC3",London,"50 Cornhill, London",4.3,2347.0
Marlin Apartments - Queen Street St Paul's,London,"30 Queen Street, London",4.0,423.0
Travelodge London Central Liverpool Street,London,"1 Harrow Place, London",3.6,1458.0
Safran House,London,"Flat 66, A, 66 Middlesex Street, London",3.6,10.0
"Radisson Blu Hotel, London Canary Wharf East",London,"5 Fairmont Avenue, London",4.4,1997.0
Crashpads Shoreditch Loft with Private Courtyard,London,"63 Hanbury Street, London",5.0,4.0
ibis budget London Whitechapel - Brick Lane,London,"100 Whitechapel Road, London",4.0,2960.0
CityStay Hotel,London,"94 Bow Road, London",2.9,235.0
Brick Lane Smart Rooms,London,"32 Princelet Street, London",4.1,7.0
New Royal Homes,London,"83 New Road, London",1.0,2.0
Travelodge London Bethnal Green,London,"231-237 Cambridge Heath Road, London",3.7,1093.0
Crashpads Shoreditch Brick Lane Mini Lofts,London,"4 Woodseer Street, London",4.8,29.0
The Art Inn,London,"36 Hanbury Street, London",4.6,9.0
bethnal green rooms,London,"266-268, 266 Bethnal Green Road, London",2.1,92.0
Bethnall Green beds to stay,London,"123 Roman Road, London",3.2,11.0
The Whitechapel Hotel,London,"49-53 New Road, London",3.9,381.0
City Space Apartments - Brick Lane,London,"208B Brick Lane, London",1.0,1.0
Wynfrid House,London,"20 Mulberry Street, London",4.6,176.0
London Marriott Hotel Maida Vale,London,"Plaza Parade, London",4.3,1887.0
Phoenix Hotel,London,"1-8 Kensington Gardens Square, London",4.2,1279.0
Lords Hotel London,London,"20-22 Leinster Square, London",3.1,1029.0
Kensal Green Backpackers,London,"639 Harrow Road, London",2.7,890.0
The Cleveland Hotel,London,"39-40 Cleveland Square, London",4.3,389.0
Blakemore Hyde Park Hotel,London,"30 Leinster Gardens, London",4.0,1655.0
The Caesar Hotel,London,"26-33 Queen's Gardens, London",4.2,1140.0
The Duke of Leinster Hotel,London,"20 Leinster Gardens, London",3.5,570.0
Palace Court Hotel,London,"Lion Court Hotel, 64-65 Prince's Square, London",2.5,568.0
Smart Hyde Park Inn,London,"48-50 Inverness Terrace, London",3.3,2038.0
Queens Park Hotel,London,"48 Queensborough Terrace, London",2.9,1870.0
Henry VIII Hotel,London,"23 Leinster Gardens, London",3.2,855.0
Hyde Park Boutique Hotel,London,"47-48 Leinster Gardens, London",3.5,571.0
Grand Plaza Serviced Apartments,London,"Grand Plaza, 42 Prince's Square, London",3.8,1664.0
La Suite West Hotel London,London,"41-51 Inverness Terrace, London",4.0,697.0
W12 Rooms,London,"54 Uxbridge Road, London",4.1,262.0
"Dorsett Shepherds Bush, London",London,"Shepherd's Bush Pavilion, 58 Shepherd's Bush Green, London",4.1,2923.0
Smart Hyde Park View,London,"16 Leinster Terrace, London",3.5,1580.0
Holiday Inn Express London - Park Royal by IHG,London,"Victoria Road, London",4.2,1148.0
Park Grand Paddington Court,London,"27 Devonshire Terrace, London",3.7,1675.0
Inverness Terrace Serviced Apartments by Concept Apartments,London,"82 Inverness Terrace, London",4.0,89.0
サファイア ホテル ロンドン,London,"35 Shepherds Bush Road, London",2.8,324.0
Vancouver Hotel & Studios,London,"30 Prince's Square, London",4.4,278.0
The Collective Old Oak,London,"Nash House, Old Oak Lane, London",4.1,768.0
Cambridge Avenue,London,"151 Cambridge Avenue, Kilburn Park, London",4.1,19.0
Commodore Hotel,London,"50 Lancaster Gate, London",3.4,525.0
Pearl Hotel London,London,"49 Shepherds Bush Road, London",3.2,185.0
London Marriott Hotel Regents Park,London,"128 King Henry's Road, London",4.3,2333.0
Hotel Indigo London - Paddington by IHG,London,"12, To, 20 London Street, London",4.0,783.0
Danubius Hotel Regents Park,London,"18 Lodge Road, London",4.0,1704.0
Queensway Hotel (Sure Collection by Best Western),London,"147-149 Sussex Gardens, London",3.6,408.0
Comfort Inn Edgware Road,London,"450 Edgware Road, London",3.6,498.0
Chrysos Hotel,London,"25-27 Norfolk Square, London",3.5,378.0
Rhodes Hotel,London,"195 Sussex Gardens, London",3.9,447.0
Nayland Hotel,London,"132-134 Sussex Gardens, London",3.5,653.0
Abbey Court Hotel (Hyde Park),London,"Sussex Gardens, London",3.3,504.0
Best Western Mornington Hotel London Hyde Park,London,"12 Lancaster Gate, London",3.8,898.0
Stylotel,London,"160-162 Sussex Gardens, London",3.9,571.0
"OYO 24 Sussex, London Paddington",London,"24 Sussex Gardens, London",2.8,192.0
Lancaster Court Hotel,London,"202-204 Sussex Gardens, London",3.1,536.0
London Elizabeth Hotel,London,"4 Lancaster Terrace, London",2.6,736.0
Falcon Hotel,London,"11 Norfolk Square, London",3.6,195.0
St. George Hotel,London,"49 Gloucester Place, London",3.3,53.0
Holmes Hotel London,London,"83 Chiltern Street, London",4.5,931.0
Montcalm Marble Arch Townhouse,London,"41 Great Cumberland Place, London",3.5,115.0
Dorset Square Hotel,London,"39-40 Dorset Square, London",4.5,151.0
Hyatt Regency London - The Churchill,London,"30 Portman Square, London",4.5,2471.0
"Radisson Blu Hotel, London Marble Arch",London,"19-25 Granville Place, London",3.8,640.0
London Marriott Hotel Marble Arch,London,"134 George Street, London",4.0,1938.0
London Continental Hotel,London,"88 Gloucester Place, London",2.2,188.0
Berkeley Court Hotel,London,"22 Upper Berkeley Street, London",2.1,205.0
The London EDITION,London,"10 Berners Street, London",4.6,1653.0
The Resident Soho,London,"10 Carlisle Street, London",4.6,781.0
The Rathbone Hotel,London,"30 Rathbone Street, London",4.4,738.0
Holiday Inn London - Camden Lock by IHG,London,"30 Jamestown Road, London",4.3,1864.0
Premier Inn London Kings Cross hotel,London,"26-30 York Way, London",4.2,2623.0
DoubleTree by Hilton London Angel Kings Cross,London,"60 Pentonville Road, London",4.2,3351.0
Princess Hotel,London,"31 Argyle Street, London",3.9,384.0
"Great Northern Hotel, a Tribute Portfolio Hotel, London",London,"Pancras Road, London",4.4,1050.0
Keystone House,London,"272-276 Pentonville Road, London",3.6,573.0
Kings Cross Inn Hotel,London,"9-11 Euston Road, London",3.3,1844.0
DoubleTree by Hilton London - West End,London,"92 Southampton Row, London",3.9,2500.0
Hilton London Angel Islington,London,"53 Upper Street, London",4.2,1683.0
Premier Inn London Angel Islington hotel,London,"18 Parkfield Street, London",4.2,878.0
Crowne Plaza London - Kings Cross by IHG,London,"1 King's Cross Road, London",4.0,3651.0
King's Cross Hotel,London,"60 Argyle Street, London",3.3,317.0
Clink78,London,"78 King's Cross Road, London",3.9,3647.0
City Inn Express,London,"144A Mare Street, London",2.6,121.0
YHA London St Paul's Hostel,London,"36 Carter Lane, London",4.0,848.0
Citadines Apart'hotel Barbican London,London,"7-21 Goswell Road, London",4.2,704.0
Old Street by Q Apartments,London,"130 Tabernacle Street, London",3.4,25.0
Shoreditch Suite,London,"6, 38 Hoxton Square, London",4.7,3.0
Clayton Hotel London Wall,London,"7-9 Copthall Avenue, London",4.6,693.0
Montcalm Brewery Townhouse,London,"46 Chiswell Street, London",3.8,393.0
Holiday Inn Express London - Stratford by IHG,London,"196 High Street, London",4.3,2016.0
The Westbridge Hotel London Stratford,London,"335-337 High Street, London",4.4,1111.0
Premier Inn London Stratford hotel,London,"Stratford, 9 International Square, Montfichet Road Westfield, London",4.0,1743.0
City View Hotel Roman Road Market,London,"527 Roman Road, London",2.6,230.0
Shoreditch House,London,"Ebor Street, London",4.5,2031.0
The Heart of Stratford..!,London,"Carpenters Road, London",3.7,15.0
Best Western Palm Hotel,London,"64-76 Hendon Way, London",4.0,784.0
The Crown London Hotel,London,"142-152 Cricklewood Broadway, London",4.2,4548.0
"Holiday Inn Express London - Swiss Cottage, an IHG Hotel",London,"152-156 Finchley Road, London",4.0,585.0
Langorf Hotel,London,"20 Frognal, London",3.7,196.0
198 Studios,London,"198 West End Lane, London",3.6,165.0
Palmers Lodge Swiss Cottage,London,"40 College Crescent, London",4.3,1466.0
Quality Hotel Hampstead,London,"5 Frognal, London",4.2,360.0
Charlotte Guest House,London,"195, Charlotte Guest House, 197 Sumatra Road, London",4.3,680.0
The Windmill Hotel,London,"57 Cricklewood Broadway, London",3.8,401.0
London Queen's Apartments,London,"138 Brondesbury Villas, London",3.0,87.0
London Regents Luxury Apartments,London,"286 Kilburn High Road, London",2.5,4.0
Dani Hampstead Studio,London,"287 Finchley Road, London",4.0,1.0
Harrow Apartments,London,"384 Harrow Road, London",3.7,20.0
Travelodge London Cricklewood,London,"Cricklewood Broadway, London",3.7,881.0
The Black Lion Pub & Boutique Guesthouse,London,"274 Kilburn High Road, London",4.4,1202.0
The William,London,"786 Harrow Road, London",4.4,758.0
Dawson House Hotel,London,"Dawson House Hotel, 72 Canfield Gardens, London",4.2,79.0
Sanctum London Maida Vale Luxury Serviced Apartments,London,"1 Greville Road, London",4.4,212.0
Messina Studios,London,"89 Messina Avenue, London",3.7,49.0
No.8 Willesden Green,London,"305 High Road, London",3.5,632.0
The Chippenham,London,"207 Shirland Road, London",1.8,6.0
Swiss Cottage One,London,"Centre Heights, 137 Finchley Road, London",5.0,1.0
Hollingbury Hotel,London,"106 Craven Park, London",2.7,82.0
Nicoll Studios,London,"5J Nicoll Road, London",3.5,297.0
MB Hotels,London,"276 Cricklewood Lane, London",3.7,15.0
Helen's Hotel,London,"20 Craven Park, London",3.8,25.0
Neasden Room,London,"12 Selsdon Road, London",5.0,4.0
Kensal House Portobello London,London,"23A Station Terrace, London",4.3,16.0
Keslake Towers B&B,London,"35 Keslake Road, London",4.5,4.0
Conway House,London,"18-22 Quex Road, London",4.2,21.0
Sanctum London Belsize Road Luxury Serviced Apartments,London,"258 Belsize Road, London",4.3,132.0
Maitrise Hotel Maida Vale - London,London,"53-59 Kilburn High Road, London",3.2,1105.0
The Quarters Kilburn,London,"The Quarters Kilburn, 24-32 Kilburn High Road, London",4.3,84.0
Volvo Cars Central London,London,"Northways Parade, Finchley Road, London",4.3,33.0
Lil & Kate London Ltd,London,"Cumberland House, 80 Scrubs Lane, London",4.8,8.0
Smokesilver Travel,London,"19 Hill Farm Road, London",5.0,1.0
Urban Stay Serviced Apartments London | Portobello Road,London,"229 Bonchurch Road, London",4.3,4.0
Portobello Road by Q Apartments,London,"119-125 Bonchurch Road, London",4.5,4.0
Cricklewood Lodge,London,"1 Cricklewood Broadway, London",3.5,219.0
Veeve - House Netherhall Gardens - Hampstead,London,"Netherhall Gardens, London",5.0,1.0
Oxford Gardens Apartments,London,"190 Ladbroke Grove, London",4.8,6.0
Hampstead Green Hill Guest House,London,"122C Finchley Road, London",4.2,5.0
Bishops Lodge Hotel,London,"Room No.616, at Bishops Lodge, 2 Mowbray Road, London",3.1,25.0
Mapesbury Hostel London,London,"30 Chatsworth Road, London",2.1,71.0
Igar Hotel,London,"110-124 Salusbury Road, London",2.8,27.0
Portobello Square Serviced Apartments,London,"17 Faraday Road, London",5.0,4.0
CRM Ltd,London,"7, N7 NUFFIELD LODGE, Admiral Walk, London",5.0,2.0
Premier Inn London Hampstead hotel,London,"215 Haverstock Hill, London",3.9,1135.0
Best Western Swiss Cottage Hotel,London,"4 Adamson Road, London",3.9,499.0
Britannia Hampstead Hotel,London,"Primrose Hill Road, London",2.6,993.0
NOX Belsize Park,London,"154 Haverstock Hill, London",3.8,265.0
The Warrington Hotel,London,"Warrington Hotel, 93 Warrington Crescent, London",4.1,1042.0
Regents Park Apartments,London,"Strathmore Court, 143 Park Road, London",3.0,1.0
Europa House,London,"79A Randolph Avenue, London",4.6,56.0
Avoca House Hotel,London,"Avoca House Hotel, 46 Belsize Park, London",4.0,91.0
Luxury Frampton Apartments,London,"85 Frampton Street, London",2.0,1.0
Welby Short Lets,London,"37 Belsize Avenue, London",4.0,132.0
Belsize House (Belsize Park),London,"40 Belsize Park Gardens, London",3.9,121.0
Belsize Park Apartments,London,"24-25 Belsize Square, London",4.2,52.0
Primrose Guesthouse,London,"34 Primrose Gardens, London",4.6,74.0
Somerset Hotel Baker Street London,London,"6 Dorset Square, London",2.5,425.0
Paddington Green Serviced Apartments by Concept Apartments,London,"18 Paddington Green, London",3.9,114.0
Park Avenue Baker Street,London,"173 Gloucester Place, London",3.7,403.0
Marylebone Inn Hotel,London,"119 Gloucester Place, London",4.2,256.0
Americana Hotel,London,"172-174 Gloucester Place, London",3.6,374.0
Edgware Road Inn,London,"318 Edgware Road, London",3.8,50.0
Access Accommodation Camden,London,"31 Kentish Town Road, London",2.9,9.0
The Enterprise Bar & Hotel,London,"2 Haverstock Hill, London",4.2,764.0
Travelodge London Marylebone,London,"Harewood Row, London",3.3,930.0
Haven Hotel,London,"6-8 Sussex Gardens, London",3.3,378.0
The Green Man,London,"308 Edgware Road, London",3.8,1397.0
Camden Market Apartments,London,"26 Inverness Street, London",2.0,7.0
Marylebone Apartments,London,"18 Cosway Street, London",3.7,49.0
Tower Hill Nice Rooms 3,London,"Emerald House, 1C King Henry's Road, London",4.0,3.0
Miles Place Apartments,London,"115 Broadley Street, London",3.5,6.0
Gloucester Place,London,"197 Gloucester Place, London",3.7,7.0
"Point A London, Paddington",London,"41 Praed Street, London",4.1,1508.0
London Hype Park,London,"61 Lisson Street, London",5.0,1.0
Phoenix Hostel London,London,"6 Daventry Street, London",3.5,960.0
St Christopher's Inn,London,"48-50 Camden High Street, London",3.7,536.0
Euston Square Hotel,London,"152 156 North Gower Street, London",3.7,870.0
Smart Camden Inn,London,"55-57 Bayham Street, London",3.6,944.0
"New Market Ale House, Hotel & Restaurant",London,"Newmarket Ale House, 17 York Way, London",3.3,478.0
Blandford Hotel,London,"80 Chiltern Street, London",4.0,293.0
Regency Hotel Westend,London,"19 Nottingham Place, London",3.5,111.0
Montagu Place Hotel,London,"2-3 Montagu Place, London",4.6,230.0
Pullman London St Pancras,London,"100, 110 Euston Road, London",4.5,3597.0
Nottingham Place Hotel London,London,"37 Nottingham Place, London",4.3,133.0
Meliá White House,London,"Albany Street, London",4.3,4517.0
Hilton London Euston,London,"17-18 Upper Woburn Place, London",3.7,1615.0
regency hotel parkside,London,"25 Nottingham Place, London",3.9,179.0
Astor Court Hotel,London,"20 Hallam Street, London",3.8,755.0
Opulence Central London,London,"47 Gloucester Place, London",2.4,118.0
Central Victorian House,London,"101 Camden Road, London",4.3,54.0
Travelodge London Central Euston,London,"1-11 Grafton Place, London",3.6,1765.0
Comfort Inn Kings Cross,London,"2-7 Saint Chad's Street, London",3.1,438.0
Kabannas London St Pancras,London,"79-81 Euston Road, London",4.1,1293.0
Central Hotel London,London,"16-18 Argyle Street, London",3.9,460.0
The Judd Hotel,London,"46 Cartwright Gardens, London",3.6,768.0
Crestfield Hotel,London,"2-4 Crestfield Street, London",4.0,816.0
"The Megaro Hotel - Kings Cross St Pancras, London",London,"1 Belgrove Street, London",4.2,684.0
Arriva Hotel,London,"55 Swinton Street, London",3.3,1181.0
Jesmond Dene - St Pancras Hotel Group,London,"31 Argyle Street, London",4.0,363.0
Clink261,London,"261-265 Grays Inn Road, London",3.9,2493.0
Howard Winchester Hotel,London,"9 Argyle Square, London",3.7,508.0
European Hotel,London,"11-15 Argyle Square, London",3.0,757.0
Elmwood Hotel,London,"19 Argyle Square, London",2.8,603.0
George Hotel,London,"58-60 Cartwright Gardens, London",3.9,482.0
The Fairway Hotel,London,"15 Argyle Street, London",3.9,380.0
Alhambra Hotel,London,"17-19 Argyle Street, London",3.9,686.0
Excelsior Hotel Kings Cross,London,"42 Argyle Square, London",2.8,163.0
Smart Russell Square,London,"71-72 Guilford Street, London",3.3,3139.0
Belgrove Hotel,London,"1-3 Belgrove Street, London",3.1,636.0
The Goodenough,London,"23 Mecklenburgh Square, London",4.1,491.0
Thistle London Bloomsbury Park,London,"126 Southampton Row, London",3.6,689.0
Grange Clarendon Hotel,London,"34-37 Bedford Place, London",3.7,448.0
The Montague on the Gardens,London,"15 Montague Street, London",4.6,1120.0
The Academy Hotel,London,"21 Gower Street, London",4.1,378.0
Swinton Street Apartments,London,"4 Swinton Street, London",2.8,443.0
Angus Hotel,London,"31-32 Argyle Square, London",3.8,454.0
Pembury Hotel,London,"326-328, 326-328 Seven Sisters Road, London",3.1,554.0
Queens Hotel,London,"324 Seven Sisters Road, London",3.5,387.0
The Rokxy Townhouse,London,"29 Argyle Square, London",3.8,179.0
Best Western London Highbury,London,"374 Seven Sisters Road, London",4.0,753.0
Carlton Hotel,London,"Birkenhead Street, London",3.0,669.0
Finsbury Serviced Apartments,London,"13 Goodwin Street, London",4.5,114.0
The California - London Kings Cross,London,"4-8 Belgrove Street, London",3.9,713.0
Travelodge London Central Kings Cross,London,"Willings House, 356-364 Grays Inn Road, London",3.5,1730.0
Travelodge London Farringdon,London,"10, 42 King's Cross Road, London",3.7,2109.0
Central Station,London,"37 Wharfdale Road, London",3.9,162.0
Budget Guest House,London,"23 Swinton Street, London",1.9,87.0
The Luxury Inn,London,"156 Tottenham Road, London",4.8,165.0
Rose Hotel London,London,69-71 Stoke Newington Road,3.3,17.0
The Rose & Crown,London,"199 Stoke Newington Church Street, London",4.3,793.0
The Highbury Centre,London,"20-26 Aberdeen Park, London",4.5,221.0
Highbury & Islington Hub,London,"35a Highbury Corner, London",3.9,30.0
Angel Townhouse - Boutique Hotel,London,"72 Prebend Street, London",4.6,196.0
Alexander Fleming Halls of Residence,London,"3 Hoxton Market, Pitfield Street, London",3.9,54.0
Rivington Apartments,London,"28-30 Rivington Street, London",2.5,6.0
Dalston Hackney,London,"Patmore House, Flat12",2.0,1.0
easyHotel London City Shoreditch,London,"80 Old Street, London",4.1,3786.0
The Brownswood,London,"271 Green Lanes, London",4.3,1145.0
196 Bishopsgate,London,"196 Bishopsgate, London",3.5,137.0
Airport Hotels.com,London,"35 Kingsland Road, London",5.0,1.0
LSE Rosebery Hall,London,"90 Rosebery Avenue, London",4.0,389.0
Angel Inn,London,"420 Saint John Street, London",4.4,163.0
Premier Inn London Hackney hotel,London,"27 Dalston Lane, London",4.1,844.0
Middleton house,London,"Middleton Road, London",4.0,6.0
Travelodge London Hackney,London,"19 Amhurst Road, London",3.8,659.0
Kip Hotel,London,"2 Aspland Grove, London",3.9,962.0
The Crown Pub & Guesthouse,London,"418 Mare Street, London",4.6,617.0
Pisoria | Rooms to rent in London & Co-living,London,"Pisoria, 101 Roman Road, London",4.5,275.0
Rooms Forge,London,"492 Bethnal Green Road, London",3.7,3.0
Central Hoxton,London,"100 Kingsland Road, London",4.0,372.0
Park Villa Boutique Hostel,London,"51 Grove Road, London",4.6,303.0
Islington Inn,London,"366 Essex Road, London",3.2,281.0
HoxtonMix Office,London,"343 Old Street, London",2.5,2.0
Courthouse Hotel Shoreditch,London,"335-337 Old Street, London",3.9,982.0
Hipcamp x Cool Camping,London,"81 Rivington Street, London",4.4,22.0
Queen Mary Venues,London,"Queen Mary University of, Mile End Road, London",4.8,5.0
Boundary Shoreditch,London,"2-4 Boundary Street, London",4.1,855.0
Plum Guide,London,"189 Shoreditch High Street, London",4.4,266.0
Millenium Apartments,London,"30 Rivington Street, London",3.0,166.0
Claredale House,London,"Claredale Street, London",4.3,124.0
Ridley Villas Hostel,London,"47A Ridley Road, London",2.7,15.0
Cape House,London,"Room 31, Cape House, 39-41 Dalston Lane, London",3.5,15.0
ibis London Stratford,London,"1A Romford Road, London",4.1,1167.0
Dodi Apartments,London,"High Road Leyton, London",2.1,13.0
Marlin Apartments Stratford,London,"2 Millstone Close, Windmill Lane, London",3.9,343.0
Travelodge London Stratford,London,"High Street, London",3.8,1906.0
TravelStay,London,"11 Burford Road, London",4.6,18.0
The Railway Tavern Hotel,London,"131 Angel Lane, London",4.1,395.0
Moxy London Stratford,London,"86 Great Eastern Road, London",4.2,2198.0
CityScape Living,London,"329 High Street, London",1.7,7.0
Leyton House,London,"157 High Road Leyton, London",3.7,21.0
Leslie Road Accommodation,London,"46 Leslie Road, London",3.8,30.0
Andora Apartments,London,"2 Sanderstead Road, London",4.0,114.0
Well Street Hall,London,"150 Well Street, London",4.1,93.0
Inner London Hotels,London,"47 Lea Bridge Road, London",3.2,11.0
The Lion Head,London,"156-158 Mile End Road, London",2.5,64.0
CRLONDON,London,"45 Mile End Road, Bethnal Green, London",2.8,16.0
Lion & Key Hotel,London,"475, 477 High Road Leyton, London",4.4,838.0
Shuttleworth Hotel,London,"23-25 Well Street, London",3.1,27.0
Host The Hive,London,"65 Three Colts Lane, London",3.8,82.0
Granard House,London,"Bradstock Road, London",3.7,49.0
Rahal Hackney,London,"355 Wick Road, London",3.7,6.0
Stonemason's Yard - VIVE LIVING,London,"Hackney Wick, London",3.0,2.0
Maison Christo Property Short Lets & Serviced Accommodation Bow London,London,"10 Eden Way, London",4.1,7.0
Uk Ulu Klang,London,"153 Glyn Road, Lower Clapton, London",1.0,1.0
"Holiday Inn London - Brent Cross, an IHG Hotel",London,"Tilling Road, Brent Cross, London",4.0,852.0
Golders Green Hotel,London,"147-151 Golders Green Road, London",3.1,209.0
The Hide London,London,"230 Hendon Way, London",4.6,430.0
King Solomon Hotel,London,"155, 163 Golders Green Road, London",2.9,1332.0
The Pillar Hotel London,London,"19 Brent Street, London",4.5,416.0
Hotel Unique,London,"911 Finchley Road, London",4.1,107.0
Hotel CG London,London,"198 Golders Green Road, London",3.9,67.0
London Backpackers Hostel,London,"Queens Parade, 8-10, Queens Road, London",4.4,1539.0
Central Hotel Golders Green,London,"35, Golders Green, 35 Hoop Lane, London",3.0,390.0
Martel Guest House,London,"27 The Ridgeway, London",4.4,124.0
Anchor Hotel,London,"10 West Heath Drive, London",3.3,395.0
Self Contained Flat Rentals Hendon,London,"148 Brent Street, London",3.7,7.0
Brookland Guest House,London,"220 Golders Green Road, London",2.6,7.0
Travelodge London Brent Cross,London,"Denmark House, Edgware Road, London",4.0,1105.0
NOX Golders Green,London,"146-150 Golders Green Road, London",4.3,391.0
STARGUEST Kosher,London,"103 Leeside Crescent, London",4.5,13.0
Oak Lodge,London,"A4088, London",5.0,1.0
La Gaffe Hotel,London,"107-111 Heath Street, London",4.5,299.0
Vive Unique Holiday Home Hampstead,London,"Golden Yard, London",4.0,1.0
Croft Court Hotel,London,"44 Ravenscroft Avenue, London",4.1,258.0
Regal Guest House,London,"170 Golders Green Road, London",3.4,47.0
Abbotts Hotel,London,"283-285 Willesden Lane, London",3.9,18.0
Clifton Guest House,London,"Clifton Guest House, 23 Clifton Gardens, London",1.7,7.0
Mountrose Hotel,London,"67-69 Shoot-Up Hill, London",3.3,3.0
Gladstone Lodge Guest House,London,"58 Gladstone Park Gardens, London",4.4,27.0
Rooms for Students Only CRICKLEWOOD LANE,London,"100 Cricklewood Lane, London",5.0,1.0
"3 Bed - Modern, High Spec Apartment",London,"2 Woodley Crescent, London",5.0,1.0
Clayton Hotel,London,"Yew Grove, London",5.0,1.0
Apartments to let Cricklewood,London,"29 Chichele Road, London",4.7,3.0
The Bull and Last,London,"168 Highgate Road, London",4.4,873.0
Rackstraw House,London,"Rackstraw House, 40 Primrose Hill Road, London",4.2,13.0
Netherhall House,London,"Nutley Terrace, London",4.8,55.0
Arch Hotel,London,"Pemberton Gardens, London",3.6,417.0
101 Stay,London,"1 Archway Road, London",1.9,34.0
Sonder Camden Road,London,"201 Camden Road, London",3.7,558.0
AXO Islington,London,"560 Holloway Road, London",4.2,62.0
Premier Inn London Archway hotel,London,"Hamlyn House, MacDonald Road, London",4.3,1504.0
Ifor Evans Hall,London,"109 Camden Road, London",3.8,114.0
Impala House,London,"8yb, 9 Chalcot Square, London",4.8,4.0
Charlie Hotel,London,"63 Anson Road, London",2.6,293.0
Camden Central London Apartments,London,"148 Camden Street, London",4.1,7.0
Arlington,London,"Arlington House, 220 Arlington Road, London",4.3,33.0
The Collective Kentish Town,London,"261 Camden Road, London",3.1,24.0
Pax Lodge,London,"12C Lyndhurst Road, London",4.6,259.0
Camden Central Apartment,London,"3, 1 Parkway, London",4.7,7.0
King William Ⅳ Pub & Rooms,London,"77 Hampstead High Street, London",4.2,905.0
Arsenal 123,London,"123 Hornsey Road, London",2.7,6.0
Fonthill Serviced Apartments,London,"124 Fonthill Road, London",3.3,4.0
Fonthill House,London,"115 Fonthill Road, London",2.8,8.0
Travelodge Finsbury Park,London,"185-187 Isledon Road, London",3.8,835.0
City Stay Aparts,London,"85, 87 Bayham Street, London",4.0,47.0
Beaconsfield Hotel,London,"359 Green Lanes, London",3.2,434.0
United Lodge Hotel,London,"370 Green Lanes, London",3.8,111.0
Central park hotel,London,"9 Wilberforce Road, Finsbury Park, London",2.8,584.0
Finsbury Park Apartments,London,"135 Stapleton Hall Road, London",3.0,2.0
Modern Apartment Rental - Finsbury Park,London,"3 Vale Terrace, London",4.0,4.0
Kent Hall Hotel,London,"414 Seven Sisters Road, London",3.8,143.0
Manor House Studios by MoreThanStays,London,"89A Hermitage Road, London",4.8,22.0
Queens Drive,London,"169 Queen's Drive, London",3.5,110.0
The House on the Corner,London,"151 Saint Thomas's Road, London",4.8,4.0
Caledonian Studio Flats,London,"287 Caledonian Road, London",4.3,70.0
City Home Stay,London,"17 Aubert Road, London",3.0,2.0
Doctor in the House Accommodation,London,"Flat1, 17 Aubert Road, London",4.5,28.0
YMCA London City and North,London,"Ground Floor, 184 Tottenham Lane, London",3.9,115.0
urbanest Kings Cross Student Accommodation,London,"Canal Reach, London",3.9,306.0
Newington Court (Stoke Newington),London,"173 Green Lanes, London",4.6,101.0
Finsbury Park B & B,London,"89 Blackstock Road, London",4.2,5.0
Amhurst Hotel,London,"45-47 Amhurst Park, London",3.5,301.0
Maison Moti,London,"106 Mattison Road, London",5.0,1.0
Smart Rent,London,"189 Caledonian Road, London",4.1,61.0
Kings Cross Rooms,London,"164 Agar Grove, London",4.0,3.0
Park Avenue Hotel,London,"146 Clapton Common, London",3.8,244.0
The Fountain,London,"125 West Green Road, London",3.7,341.0
Latimer House,London,"1-32 Latimer Road, London",4.0,6.0
Erec Hotel,London,"330 Green Lanes, London",2.5,8.0
Ama’s Hair Salon,London,"26 Saint Ann's Road, London",4.8,724.0
Millington House,London,"Millington House, Stoke Newington Church Street, London",4.2,13.0
Ledo House,London,United Kingdom,5.0,1.0
M conlon,London,"10A Stoke Newington Church Street, London",1.0,1.0
Stay Smart,London,"16 Wilmer Place, London",4.9,49.0
LR SCOOTERS & Motorcycles,London,"19a Victorian Grove, London",4.8,116.0
Dalston Luxe Studios,London,"85 Evering Road, London",3.5,6.0
Imperial Avenue,London,"Imperial Avenue, Victorian Road, London",3.6,23.0
Hackney Plumb-IT,London,"329 Amhurst Road, London",5.0,77.0
Trinity House Hotel,London,"26 Blackhorse Road, London",4.2,178.0
The Commongate Hotel,London,"131-133 Markhouse Road, London",3.8,283.0
The boundary,London,"49 Lea Bridge Road, London",4.3,3.0
The Pond House - Ensuite Rooms,London,"182 Lower Clapton Road, London",4.2,19.0
East London Short Let's,London,"60 Newick Road, London",3.9,7.0
G eighty four,London,"84 Glenarm Road, Lower Clapton, London",3.0,1.0
Downs Estate,London,"Downs Park Road, London",4.8,4.0
Komo Pods,London,"12 Andre Street, London",3.6,106.0
Norfolk House,London,"104D Cecilia Road, London",4.2,5.0
Slick and Amy’s,London,"88A Stamford Hill, London",3.5,2.0
44 Academy Apartments,London,Institute Place,4.8,4.0
Arte Stays - Entire Flat in Hackney - 3bed 3 bathrooms - Serviced Accommodation,London,"Portcullis House, Spurstowe Terrace, London",5.0,8.0
Old Ship Inn Hackney,London,"2 Sylvester Path, London",5.0,3.0
Simplyroomlet Ltd,London,"344 Hoe Street, London",4.0,61.0
Travelodge London Walthamstow,London,"2 Station Approach, London",3.8,787.0
London Serviced Apartments,London,"80-84 Saint Mary Road, London",3.8,9.0
Coronation House,London,"394 High Road Leyton, London",1.7,3.0
rent house,London,"55 Dunedin Road, London",5.0,2.0
London comfy doubles,London,"47 Dunedin Road, London",4.8,18.0
Grand,London,"66 Huxley Road, London",3.0,31.0
"Holiday Inn Express London - Golders Green (A406), an IHG Hotel",London,"58 Regents Park Road, London",3.9,675.0
No. 28 Boutique B&B,London,"28 Great North Way, London",4.8,4.0
Church Terrace Hotel,London,"20 Church Terrace, London",5.0,2.0
Premier Inn London Hendon (The Hyde) hotel,London,"Hyde House, London",4.0,1122.0
Wisma Indonesia,London,"15 New Way Road, London",4.5,91.0
Travelodge London Finchley,London,"Winston House, 2 Dollis Park, Greater, London",4.1,844.0
The Stay Club Colindale,London,"16-18 Charcot Road, London",3.9,658.0
Elizabeth B&B,London,"22 Golders Manor Drive, London",4.0,1.0
Brook Lodge,London,"Brook Lodge, North Circular Road, London",4.7,3.0
Brentwood Lodge,London,"5 Holmdale Gardens, London",4.4,8.0
Adlers Guest House,London,"13 Highfield Avenue, London",4.4,34.0
Trident House,London,"14 Queens Road, London",3.8,20.0
KipAccom,London,"1 Beverley Gardens, London",4.9,65.0
Love2.Host,London,"22 Wykeham Road, London",5.0,3.0
ZainHB55,London,"Marble Drive, London",5.0,1.0
Golders Park Hotel,London,"175 Golders Green Road, London",3.3,205.0
Suites by Rehoboth | Hendon Central,London,"134 Audley Road, London",2.0,1.0
Ester's Apartments,London,"26 Fortis Green, London",4.8,12.0
Caspian Seagull Travel Ltd,London,"150b Ballards Lane, London",4.8,24.0
Iolanthe B & B,London,"86 Wildwood Road, London",4.2,37.0
Golders guesthouse,London,"29A Golders Way, London",1.7,6.0
Tipi Homes | Luxury Serviced Accommodation,London,"63a Golders Green Road, London",5.0,3.0
Dazlondon Ltd,London,"4, 4a Accommodation Road, London",3.0,2.0
M-Hotels Apartments,London,"25 The Ridgeway, London",4.4,32.0
Roseview Alexandra Palace Hotel,London,"2 Queens Avenue, London",3.8,316.0
National Hotel,London,"17 - 19 Queens Avenue, Muswell Hill, London",3.4,173.0
Queen's Hotel,London,"7 Queens Avenue, London",3.4,39.0
Great North Leisure Park,London,"Unit 2, great north leisure park, Leisure Way, London",3.8,124.0
Blenheim Lodge,London,"Great North Road, London",4.9,25.0
Rob's Shed,London,"8A Market Place, London",3.3,3.0
The Bishop,London,"The Bishops Avenue, London",5.0,1.0
Cavendish Housing,London,"Fairacres, 164 East End Road, London",3.3,3.0
The Lodge Hearts Oak,London,United Kingdom,5.0,2.0
Clandon House,London,"Clandon Gardens, London",3.6,10.0
Muswell Hill B&B,London,"Cranbourne Road, London",4.3,36.0
Eileens Guest House,London,"36 Church Crescent, London",4.7,7.0
Sims House,London,"Linden Mansions, Hornsey Lane, London",3.0,2.0
Dartmouth Park Lodge,London,London,5.0,1.0
Finsbury Park Suites,London,"114 Hazellville Road, London",3.3,4.0
Crompton Court Serviced Apartments,London,"120-128 Mayes Road, London",4.2,94.0
"Crescent Lodge, Crouch End, North London - Luxury Holiday Home",London,"20 Crescent Road, London",5.0,3.0
Lock & Key Stays / Crouch End Serviced Accommodation,London,"10 Broadway Parade, London",5.0,3.0
Dao by Dorsett North London,London,"The Broadway, London",2.3,3.0
Archway Station Studios,London,"1 Navigator Square, London",4.5,4.0
Hillrise Sheltered Housing,London,"11B Hillrise Road, London",4.6,5.0
Hathorne Terrace,London,"Hathorne Terrace, 3 Calverley Grove, London",5.0,1.0
London Studio Apartments No.4,London,"156 Fairbridge Road, London",1.0,1.0
"Tivendale, Brook Road",London,"Brook Road, London",4.4,7.0
Capital Stay Archway,London,"103 Junction Road, London",3.5,6.0
"Rhys, Owen & Freya's Fairy Tree",London,"24 North View Road, London",4.8,11.0
"Lotus Court, Middleton Road, N8",London,"56 Miles Road, London",4.0,1.0
St. George Hotel,London,"41 Hanley Road, London",5.0,2.0
Blake Apartments,London,"New River Avenue, London",4.0,59.0
Fyfe House,London,"Fyfe House, Chadwell Lane, London",5.0,5.0
